;p_from_mw;q_from_mvar;p_to_mw;q_to_mvar;pl_mw;ql_mvar;i_from_ka;i_to_ka;i_ka;vm_from_pu;va_from_degree;vm_to_pu;va_to_degree;loading_percent
0;0,8214535972310169;0,3529672295217599;-0,8200596075203563;-0,3497498458625573;0,0013939897106605148;0,0032173836592025995;0,03740543579723291;0,03740543579723291;0,03740543579723291;1,000000000049442;0,0;0,9971504791968064;-0,15460856444843057;3,7405435797232914e-06
1;0,8200596075203453;0,34974984586264596;-0,8195634630343469;-0,34860476789496103;0,0004961444859984399;0,0011450779676849265;0,037405435797233946;0,037405435797233946;0,037405435797233946;0,9971504791968064;-0,15460856444843057;0,996138064307109;-0,20984708558243884;3,7405435797233947e-06
2;0,8120347347546577;0,3454135180956555;-0,8120269052801277;-0,3453957987585611;7,829474530041125e-06;1,7719337094435073e-05;0,03706200241256612;0,037062002412566124;0,037062002412566124;0,996138064307109;-0,20984708558243884;0,9961221019955947;-0,21070680440572512;3,706200241256612e-06
3;0,8120269052851639;0,34539579875677306;-0,8117409234260082;-0,34473565043059556;0,00028598185915562624;0,000660148326177501;0,037062002412731374;0,03706200241273138;0,03706200241273138;0,9961221019955947;-0,21070680440572512;0,9955335074660463;-0,24290102271919287;3,706200241273138e-06
4;0,6311729045155302;0,2681881202384562;-0,6310139292680501;-0,2678213309527344;0,00015897524748009761;0,00036678928572175806;0,02881998750213978;0,028819987502139776;0,02881998750213978;0,9955335074660463;-0,24290102271919287;0,9951129623535359;-0,2659204959830692;2,881998750213978e-06
5;0,4587289292681815;0,1947873309528634;-0,4585560000000158;-0,19438800000002363;0,0001729292681657002;0,0003993309528397826;0,020952761105231643;0,020952761105231647;0,020952761105231647;0,9951129623535359;-0,2659204959830692;0,9944836716768027;-0,3004295082133447;2,095276110523165e-06
6;0,80092796034956;0,38590129731586653;-0,7995496068719138;-0,382720002703955;0,0013783534776462547;0,0031812946119115226;0,03719505780677893;0,03719505780677894;0,03719505780677894;1,000000000049442;0,0;0,997053349215556;-0,14657585630854894;3,7195057806778944e-06
7;0,7995496068720394;0,38272000269678164;-0,7995417210797854;-0,382702155903786;7,885792253969903e-06;1,7846792995657168e-05;0,037195057806653734;0,037195057806653734;0,037195057806653734;0,997053349215556;-0,14657585630854894;0,9970366816350168;-0,14739629790625614;3,7195057806653735e-06
8;0,7995417210796805;0,38270215591463425;-0,79861534801069;-0,38056303100532546;0,0009263730689904603;0,002139124909308787;0,037195057806846295;0,037195057806846295;0,037195057806846295;0,9970366816350168;-0,14739629790625614;0,9950594929971238;-0,24645820266024768;3,7195057806846296e-06
9;0,7986153480107342;0,3805630310053695;-0,7981637826437712;-0,3795204462610574;0,00045156536696300265;0,0010425847443120695;0,03719505780684877;0,03719505780684878;0,03719505780684878;0,9950594929971238;-0,24645820266024768;0,9940968526529173;-0,29488086896734195;3,7195057806848777e-06
10;1,2320709352428107;0,5306885839729085;-1,2319641519539235;-0,5304428879099818;0,00010678328888724664;0,00024569606292668134;0,05612441113009103;0,05612441113009103;0,05612441113009103;1,000000000049442;0,0;0,9998544501408613;-0,00783465137829042;5,6124411130091024e-06
11;1,2319641519543674;0,5304428879094267;-1,2280103353109635;-0,5213162241565599;0,003953816643403885;0,00912666375286686;0,056124411130098896;0,05612441113009892;0,05612441113009892;0,9998544501408613;-0,00783465137829042;0,9944699136729331;-0,30069836789748455;5,612441113009892e-06
12;1,4561193833663122;0,6000053084518345;-1,4517941138931012;-0,5900224145909014;0,004325269473210991;0,009982893860933095;0,06588878814412932;0,0658887881441293;0,06588878814412932;1,000000000049442;0,0;0,9950574286803636;-0,2772158582704343;6,588878814412933e-06
13;1,4517941138962445;0,59002241458523;-1,451769368301547;-0,58996641139723;2,4745594697561657e-05;5,60031879999201e-05;0,06588878814416196;0,06588878814416196;0,06588878814416196;0,9950574286803636;-0,2772158582704343;0,9950294842426741;-0,2787721540308485;6,5888788144161966e-06
14;1,4039893682975997;0,5709574113979103;-1,4012700573997507;-0,5646781424160503;0,0027193108978489366;0,006279268981860042;0,06372674099383323;0,06372674099383323;0,06372674099383323;0,9950294842426741;-0,2787721540308485;0,9918278093562477;-0,46051997528136074;6,372674099383323e-06
15;0,5368145863761384;0,25173983626588176;-0,5364746214754756;-0,2509551150858356;0,0003399649006627925;0,0007847211800461329;0,024952882362766392;0,02495288236276639;0,024952882362766392;0,9940968526529173;-0,29488086896734195;0,9930226144213485;-0,349648345276758;2,495288236276639e-06
16;1,3587190573998231;0,5477491424161647;-1,3575803424194632;-0,5451200167824354;0,0011387149803598895;0,002629125633729301;0,06179505135065061;0,061795051350650616;0,061795051350650616;0,9918278093562477;-0,46051997528136074;0,9904481875555652;-0,5393462393107217;6,179505135065062e-06
17;0,0;0,0;0,0;0,0;0,0;0,0;;;;;;;;
18;1,2705583424193871;0,5104980167825182;-1,2689957301987884;-0,5068900585724655;0,0015626122205987247;0,003607958210052664;0,057838986536043815;0,05783898653604381;0,057838986536043815;0,9904481875555652;-0,5393462393107217;0,9884284319183669;-0,65529147565465;5,783898653604382e-06
19;0,9318459117813241;0,37156003046721825;-0,9317962368159871;-0,37144535528128064;4,9674965337032084e-05;0,00011467518593760717;0,041970508616304095;0,0419705086163041;0,0419705086163041;1,000000000049442;0,0;0,9999116705522307;-0,005033348713808944;4,19705086163041e-06
20;0,9317952765020834;0,3714457824840023;-0,9309032422595315;-0,3693858598077775;0,000892034242551909;0,00205992267622479;0,04197047791123914;0,04197047791123914;0,04197047791123914;0,9999116705522307;-0,005033348713808944;0,9983265742024651;-0,09560550774847788;4,197047791123913e-06
21;0,8795795412762717;0,34763062241782117;-0,8790224865153415;-0,34634496642135976;0,0005570547609301535;0,00128565599646141;0,03963506543577942;0,039635065435779424;0,039635065435779424;0,9983265742024651;-0,09560550774847788;0,9972814748938815;-0,15569799660051215;3,963506543577942e-06
22;0,24513976560141473;0,10852092150908568;-0,24513042740931684;-0,10849937477895819;9,338192097890774e-06;2,1546730127497415e-05;0,01129473020035998;0,01129473020035998;0,01129473020035998;0,9930226144213485;-0,349648345276758;0,9929586795236965;-0,35305151566112;1,129473020035998e-06
23;0,8100781105733973;0,31712244715747334;-0,8082565100930172;-0,3129174628504942;0,0018216004803800478;0,0042049843069791315;0,03649481299553932;0,036494812995539326;0,036494812995539326;0,9972814748938815;-0,15569799660051215;0,9935866673760074;-0,370651538917121;3,6494812995539324e-06
24;1,564232507190045;0,6502729010117378;-1,5641194921387669;-0,6500122129601227;0,00011301505127803146;0,0002606880516151655;0,07087235827825117;0,07087235827825117;0,07087235827825117;1,000000000049442;0,0;0,9998793312155442;-0,006675136701138165;7,087235827825117e-06
25;1,564119492139322;0,6500122129579025;-1,560049443425957;-0,64061538816096;0,0040700487133649155;0,009396824796942482;0,07087235827823699;0,07087235827823697;0,07087235827823699;0,9998793312155442;-0,006675136701138165;0,9955408061800598;-0,248415691021596;7,087235827823698e-06
26;0,9576857301987495;0,3830350585725348;-0,9567525548123321;-0,38088052128330663;0,0009331753864173509;0,0021545372892281534;0,04365770812575309;0,04365770812575309;0,04365770812575309;0,9884284319183669;-0,65529147565465;0,9868326593749949;-0,7473140066889294;4,365770812575309e-06
27;0,5893474716636211;0,29102170918537973;-0,5893218369646289;-0,29096272669212303;2,563469899219406e-05;5,8982493256698465e-05;0,027498832902196423;0,02749883290219643;0,02749883290219643;1,000000000049442;0,0;0,9999253003508947;-0,003620966902864749;2,749883290219643e-06
28;0,5893218369651895;0,29096272669163453;-0,5878493163354611;-0,28756352023410114;0,0014725206297283577;0,003399206457533388;0,02749883290220841;0,0274988329022084;0,02749883290220841;0,9999253003508947;-0,003620966902864749;0,9956336726344406;-0,21340278758895012;2,749883290220841e-06
29;0,0;0,0;0,0;0,0;0,0;0,0;;;;;;;;
30;1,2660334434259628;0,5236413881610565;-1,262227556224957;-0,5148551291015098;0,003805887201005831;0,008786259059546775;0,05757555032565122;0,057575550325651204;0,05757555032565122;0,9955408061800598;-0,248415691021596;0,9905568943632721;-0,528531758319473;5,757555032565122e-06
31;0,4932273163355676;0,24130352023428903;-0,493155447049184;-0,24113758203750577;7,18692863835857e-05;0,00016593819678326072;0,023073038038420094;0,023073038038420087;0,023073038038420094;0,9956336726344406;-0,21340278758895012;0,99538440981409;-0,22566369862788954;2,3073038038420095e-06
32;1,1580362618691566;0,5087965110045927;-1,1579413284666793;-0,5085780801670341;9,49334024773485e-05;0,00021843083755856973;0,05291876182711909;0,05291876182711911;0,05291876182711911;1,000000000049442;0,0;0,9998618307525978;-0,007329824794975881;5,291876182711911e-06
33;1,1579413284670124;0,5085780801665455;-1,1518101428804626;-0,4944254421299581;0,006131185586549792;0,014152638036587395;0,05291876182712364;0,052918761827123635;0,05291876182712364;0,9998618307525978;-0,007329824794975881;0,9909590820015874;-0,4869479214557258;5,291876182712364e-06
34;0,09616827285176952;0,047034705842556174;-0,09616234384435467;-0,04702102538692275;5,929007414848253e-06;1,3680455633421906e-05;0,004499926917605491;0,004499926917605491;0,004499926917605491;0,9953103221028085;-0,22931128856729008;0,9952049261960364;-0,23449496753823384;4,4999269176054907e-07
35;1,1792125562249332;0,4818271291014713;-1,1763450908362334;-0,47520816447619363;0,0028674653886997525;0,006618964625277668;0,05380218710113853;0,05380218710113853;0,05380218710113853;0,9905568943632721;-0,528531758319473;0,9865537773773523;-0,7562610909961511;5,380218710113853e-06
36;0,0;0,0;0,0;0,0;0,0;0,0;;;;;;;;
37;0,32008097000931945;0,15653057794640948;-0,32006710971132074;-0,15649855123841233;1,3860297998713467e-05;3,202670799715146e-05;0,014975869478817244;0,014975869478817244;0,014975869478817244;0,99538440981409;-0,22566369862788954;0,9953103221028085;-0,22931128856729008;1,4975869478817243e-06
38;0,5691708313206676;0,22660247279988038;-0,5690558872794631;-0,2264877311249456;0,00011494404120448998;0,00011474167493477627;0,025972181895645974;0,025972181895645978;0,025972181895645978;0,9868326593749949;-0,7473140066889294;0,9865922737597435;-0,7533092468311026;2,597218189564598e-06
39;-1,04095988544501;-0,5079691197640792;1,04421115420183;0,5154753808419282;0,003251268756820025;0,007506261077849019;0,048660363827318726;0,04866036382731874;0,04866036382731874;0,9958669799791691;-0,2957424279233218;1,001219915930581;-0,0339861816133105;4,8660363827318734e-06
40;0,0;0,0;0,0;0,0;0,0;0,0;;;;;;;;
41;0,2849683697451572;0,13942865914029268;-0,28494519325907036;-0,13937522446403694;2,3176486086851078e-05;5,3434676255736946e-05;0,013372767520742646;0,013372767520742648;0,013372767520742648;0,9925219155754742;-0,4289129879927335;0,9923833219490801;-0,4357427819063848;1,3372767520742647e-06
42;-0,5511488484614756;-0,29825678164384684;0,5518434360784643;0,29985991747167523;0,0006945876169887066;0,0016031358278283947;0,026403922727307027;0,026403922727307027;0,026403922727307027;0,9929663644798217;-0,4069947087329835;0,9951447205445219;-0,30852787537457493;2,640392272730703e-06
43;0,5067568872804206;0,20170173112534004;-0,5065822801294662;-0,20152744494341324;0,00017460715095440893;0,00017428618192680267;0,023128951103527324;0,023128951103527313;0,023128951103527324;0,9865922737597435;-0,7533092468311026;0,9861822552191737;-0,7635409659986958;2,3128951103527322e-06
44;0,24933138626912968;0,121964217426685;-0,24929363577416191;-0,12187705034254841;3,775049496776428e-05;8,716708413659957e-05;0,011701537859451192;0,011701537859451196;0,011701537859451196;0,9923833219490801;-0,4357427819063848;0,9921251608892339;-0,4484851609872081;1,1701537859451196e-06
45;0,9075281154168588;0,387899477346051;-0,9064381984077962;-0,3853830359135031;0,0010899170090626908;0,0025164414325479223;0,041773005688640015;0,04177300568864003;0,04177300568864003;0,9884629085306553;-0,6235663172425921;0,9864704274643123;-0,7332508367051292;4,1773005688640026e-06
46;0,24087918438738448;0,09755565450968888;-0,24070178958482927;-0,09732518403884391;0,00017739480255521412;0,00023047047084497063;0,01090766079817505;0,010907660798175053;0,010907660798175053;0,9968018325739775;-0,1777063783832514;0,9958395114190396;-0,2101519268169616;1,0907660798175053e-06
47;0,0;0,0;0,0;0,0;0,0;0,0;;;;;;;;
48;1,0516281428804544;0,45195744213001354;-1,050051115416835;-0,44831647734617014;0,0015770274636193182;0,0036409647838434034;0,048324932203175124;0,04832493220317514;0,04832493220317514;0,9909590820015874;-0,4869479214557258;0,9884629085306553;-0,6235663172425921;4,832493220317513e-06
49;-0,5942952611839857;-0,25717063056450756;0,5943369302966158;0,25726660251008654;4,1669112630149385e-05;9,597194557897648e-05;0,027181134150835548;0,027181134150835548;0,027181134150835548;0,9967066600553935;-0,16361644407312753;0,9968241937063969;-0,15728814592116838;2,7181134150835546e-06
50;0,8103961984077883;0,3446700359135955;-0,8101999299936814;-0,34421681908528484;0,00019626841410691487;0,00045321682831067633;0,03734892944871724;0,03734892944871724;0,03734892944871724;0,9864704274643123;-0,7332508367051292;0,9860694898798472;-0,755396630937937;3,734892944871724e-06
51;-0,8058542118496246;-0,31132663229341806;0,8061598638525522;0,31203253340811193;0,0003056520029276477;0,0007059011146938743;0,03639903129934262;0,03639903129934261;0,03639903129934262;0,9929663644798217;-0,4069947087329835;0,9935866673760074;-0,370651538917121;3,6399031299342616e-06
52;-0,6512403324056372;-0,2851733348476706;0,6515560435286099;0,2854887788715545;0,0003157111229726839;0,0003154440238838929;0,029838403040899436;0,02983840304089944;0,02983840304089944;0,9968241937063969;-0,15728814592116838;0,997407123044939;-0,14421448142202115;2,983840304089944e-06
53;1,1381323353109114;0,4832152241565681;-1,1372799999999188;-0,48210800000019294;0,0008523353109926024;0,0011072241563751528;0,05201755842120434;0,052017558421204334;0,05201755842120434;0,9944699136729331;-0,30069836789748455;0,9934910419615425;-0,3325213112220195;5,201755842120434e-06
54;0,509745929993762;0,21685081908565954;-0,5087192958066509;-0,21582567637678632;0,0010266341871111306;0,0010251427088732168;0,023503177389087474;0,023503177389087474;0,023503177389087474;0,9860694898798472;-0,755396630937937;0,983673995638752;-0,8115350007275807;2,3503177389087477e-06
55;0,5498790648178705;0,2286273834953081;-0,5497938248309531;-0,22851666518263078;8,523998691745138e-05;0,00011071831267731036;0,02498937311390142;0,02498937311390141;0,02498937311390142;0,997004761788209;-0,17101742088896282;0,9968018325739775;-0,1777063783832514;2,498937311390142e-06
56;1,093330090836238;0,44218016447620867;-1,0908665191080862;-0,43649286318846536;0,0024635717281518144;0,005687301287743307;0,050013418121883604;0,05001341812188361;0,05001341812188361;0,9865537773773523;-0,7562610909961511;0,9828662834549923;-0,9683255465011894;5,001341812188361e-06
57;0,3674812958066823;0,1559526763767561;-0,3671868224032557;-0,1556586353865503;0,00029447340342664274;0,00029404099020580166;0,016978677233339085;0,016978677233339085;0,016978677233339085;0,983673995638752;-0,8115350007275807;0,9827230724522588;-0,8338943446484863;1,6978677233339086e-06
58;0,0;0,0;0,0;0,0;0,0;0,0;;;;;;;;
59;0,0;0,0;0,0;0,0;0,0;0,0;;;;;;;;
60;0,9870965191080774;0,39520786318855866;-0,9860475183918113;-0,3927860050615491;0,0010490007162661241;0,0024218581270095685;0,04525957843465334;0,04525957843465334;0,04525957843465334;0,9828662834549923;-0,9683255465011894;0,9811354768395603;-1,0686469272592298;4,5259578434653345e-06
61;0,0;0,0;0,0;0,0;0,0;0,0;;;;;;;;
62;0,0;0,0;0,0;0,0;0,0;0,0;;;;;;;;
63;-0,3167140222550469;-0,15484211089524902;0,3169626782617339;0,155090438252707;0,00024865600668699805;0,0002483273574579725;0,014802009526499913;0,014802009526499914;0,014802009526499914;0,9964303750029239;-0,1594220699451776;0,9973700985010896;-0,14093174860112348;1,4802009526499914e-06
64;-0,458337975483034;-0,1942953871315511;0,45843740430190333;0,1943294996784504;9,94288188693182e-05;3,411254689930643e-05;0,020993584260323526;0,020993584260323522;0,020993584260323526;0,9920777807076884;-0,4434956354188408;0,992286744807331;-0,44434705970232985;2,0993584260323524e-06
65;-1,0162117312878303;-0,4637707799636516;1,0163678229299467;0,46392621299124426;0,00015609164211638493;0,000155433027592633;0,0468549009780084;0,0468549009780084;0,0468549009780084;0,997407123044939;-0,14421448142202115;0,9975915418512451;-0,14028631854563636;4,68549009780084e-06
66;-0,6313699308290067;-0,33368500380153776;0,631753637624907;0,33406816978447695;0,0003837067959002738;0,00038316598293919313;0,030022573759860526;0,030022573759860526;0,030022573759860526;0,9951447205445219;-0,30852787537457493;0,9958669799791691;-0,2957424279233218;3,0022573759860528e-06
67;0,0;0,0;0,0;0,0;0,0;0,0;;;;;;;;
68;0,5942949439271888;0,2571709145250208;-0,5941952040848897;-0,25694062631135695;9,973984229916244e-05;0,0002302882136638318;0,02718112666281017;0,02718112666281017;0,02718112666281017;0,9967066600553935;-0,16361644407312753;0,9964250316794075;-0,17881617821989063;2,718112666281017e-06
69;-1,1980407060637872;-0,5527483229048293;1,1985624309679659;0,5532691292792473;0,0005217249041786776;0,0005208063744179814;0,055333225729160516;0,055333225729160516;0,055333225729160516;0,9975915418512451;-0,14028631854563636;0,998114714625794;-0,12924771224336193;5,533322572916052e-06
70;0,7266001588237402;0,2895611913447724;-0,7264059308887268;-0,2891129987043549;0,0001942279350133358;0,0004481926404174552;0,03335290963068146;0,03335290963068146;0,03335290963068146;0,9811354768395603;-1,0686469272592298;0,9807011202665024;-1,093889490460181;3,335290963068146e-06
71;0,0;0,0;0,0;0,0;0,0;0,0;;;;;;;;
72;0,0;0,0;0,0;0,0;0,0;0,0;;;;;;;;
73;0,0;0,0;0,0;0,0;0,0;0,0;;;;;;;;
74;0,0;0,0;0,0;0,0;0,0;0,0;;;;;;;;
75;-0,3062830997299308;-0,12998371518986965;0,306343348213615;0,13012277709697806;6,024848368418878e-05;0,00013906190710841204;0,013949947866993474;0,013949947866993473;0,013949947866993474;0,9978643854326651;-0,16758715590718273;0,9981936955268398;-0,14960242943132948;1,3949947866993474e-06
76;-0,3063433646805388;-0,1301227702362039;0,3064222364901886;0,13030480006780132;7,887180964982754e-05;0,00018202983159743003;0,01394994838981527;0,013949948389815272;0,013949948389815272;0,9981936955268398;-0,14960242943132948;0,998624926401088;-0,12607914089900357;1,3949948389815273e-06
77;0,48289188771397157;0,23610757804860596;-0,4827475153939792;-0,23603158460169027;0,00014437231999236966;7,599344691569532e-05;0,022530829011613032;0,022530829011613032;0,022530829011613032;0,998114714625794;-0,12924771224336193;0,9978118967661418;-0,12976528387188713;2,2530829011613032e-06
78;-0,24904157735469468;-0,11032491219791077;0,24908651949950197;0,11042870340995696;4,49421448072973e-05;0,00010379121204619202;0,01144335201689227;0,01144335201689227;0,01144335201689227;0,9958395114190396;-0,2101519268169616;0,9961434733929427;-0,1940244755756615;1,1443352016892268e-06
79;0,4855524096997758;0,20627250183130955;-0,4853924067539748;-0,20590308326526907;0,0001600029458009855;0,00036941856604047474;0,022140575953594532;0,02214057595359453;0,022140575953594532;0,9968627728695505;-0,1918961124227511;0,9963116974111936;-0,22204564151967354;2,2140575953594534e-06
80;0,4854028949221122;0,20589954304340857;-0,48502655265446504;-0,2057015920108751;0,00037634226764715617;0,00019795103253347768;0,02214092334817602;0,02214092334817602;0,02214092334817602;0,9963116974111936;-0,22204564151967354;0,9955109691618451;-0,22588148116553627;2,214092334817602e-06
81;-0,6507713372045284;-0,3182895202521305;0,6518717148665942;0,3193882357122898;0,0011003776620658323;0,0010987154601593274;0,030388246141886673;0,030388246141886673;0,030388246141886673;0,9973700985010896;-0,14093174860112348;0,9993958295956592;-0,10118864394667942;3,0388246141886674e-06
82;0,4644999219887972;0,1969996896306293;-0,46393746231125077;-0,19670389249085485;0,000562459677546423;0,0002957971397744563;0,0212039632048486;0,0212039632048486;0,0212039632048486;0,9955109691618451;-0,22588148116553627;0,9942614118015913;-0,23187436425838007;2,1203963204848597e-06
83;0,4600243630736905;0,19516335872535895;-0,4592992411501687;-0,1947820002605779;0,0007251219235218098;0,0003813584647810453;0,020969207733874166;0,020969207733874166;0,020969207733874166;0,997004761788209;-0,17101742088896282;0,9953757733043681;-0,17881234184774825;2,096920773387417e-06
84;1,0913050327835263;0,45968204176825633;-1,0897295159286713;-0,45763497677745196;0,0015755168548550191;0,0020470649908043703;0,049596606221794265;0,049596606221794265;0,049596606221794265;0,9988993018412549;-0,10921274958919107;0,997004761788209;-0,17101742088896282;4,959660622179427e-06
85;0,42385154737656944;0,20723623141805553;-0,42341875801916956;-0,2070085954573452;0,00043278935739987645;0,00022763596071032066;0,019756575918597453;0,01975657591859745;0,019756575918597453;0,9990983738481697;-0,10892472406670108;0,9980632977343838;-0,11067534871255012;1,975657591859745e-06
86;-0,8436307233878393;-0,357620450602084;0,8439750486592493;0,35841566735374103;0,00034432527141003977;0,0007952167516570574;0,038633197295723516;0,03863319729572351;0,038633197295723516;0,992286744807331;-0,44434705970232985;0,9929663644798217;-0,4069947087329835;3,863319729572351e-06
87;0,39727590123301926;0,19424515917981913;-0,39684581152188436;-0,19401897531015033;0,0004300897111348956;0,0002261838696688001;0,018541756430357548;0,018541756430357548;0,018541756430357548;0,9978118967661418;-0,12976528387188713;0,9967159158107692;-0,1316173830026963;1,8541756430357548e-06
88;0,3968458104667601;0,19401897728507486;-0,39672854140168046;-0,19395730015146218;0,0001172690650796393;6,167713361268645e-05;0,01854175642697961;0,01854175642697961;0,01854175642697961;0,9967159158107692;-0,1316173830026963;0,9964170784063765;-0,13212371800731085;1,854175642697961e-06
89;0,40737978143983417;0,1620007365120422;-0,4059900000000002;-0,16152400000000242;0,0013897814398339814;0,00047673651203977707;0,018709003385135453;0,01870900338513545;0,018709003385135453;0,9803681126875732;-1,1132748205073946;0,9770863300453053;-1,104022747956969;1,8709003385135452e-06
90;-2,1836115407599577;-1,0364379369311831;2,1862221293966577;1,0390454578961605;0,002610588636700051;0,0026075209649774056;0,10112157243473992;0,10112157243473992;0,10112157243473992;1,0000247278824879;-0,09002548632578834;1,0014631896887252;-0,06076342206450766;1,0112157243473992e-05
91;0,23871272349116884;0,09505004848229726;-0,23867199999994992;-0,09495599999995434;4,072349121891916e-05;9,404848234291496e-05;0,010893034067568502;0,010893034067568499;0,010893034067568502;0,9868326593749949;-0,7473140066889294;0,9865537633015247;-0,7634435562514791;1,0893034067568504e-06
92;0,0;0,0;0,0;0,0;0,0;0,0;;;;;;;;
93;0,48011619396367616;0,19112703299294487;-0,4800177814398716;-0,19089973651203926;9,841252380454746e-05;0,00022729648090560883;0,022045130343780094;0,022045130343780094;0,022045130343780094;0,9807011202665024;-1,093889490460181;0,9803681126875732;-1,1132748205073946;2,2045130343780095e-06
94;1,2948291461814565;0,5525600732394808;-1,2917867296071568;-0,5495218073017083;0,003042416574299711;0,0030382659377724552;0,0588121056629485;0,0588121056629485;0,0588121056629485;1,0014631896887252;-0,06076342206450766;0,998624926401088;-0,12607914089900357;5,88121056629485e-06
95;0,30628716394500144;0,12998361876525985;-0,3061159890547252;-0,12981267740143687;0,00017117489027623778;0,00017094136382297953;0,013950103145080467;0,01395010314508047;0,01395010314508047;0,9978643854326651;-0,16758715590718273;0,9971915792066618;-0,18317940682536066;1,395010314508047e-06
96;-2,1066744037410747;-0,9979954976177858;2,1082980785459284;0,9996163138402363;0,001623674804853703;0,0016208162224504719;0,09761458912325914;0,09761458912325914;0,09761458912325914;0,9990983738481697;-0,10892472406670108;1,0000247278824879;-0,09002548632578834;9,761458912325914e-06
97;0,3050840947840082;0,12985989197148134;-0,3048962524608637;-0,12942628879047616;0,00018784232314450477;0,0004336031810051877;0,013929534884462708;0,01392953488446271;0,01392953488446271;0,9958669799791691;-0,2957424279233218;0,9948382995878651;-0,3520292158297897;1,392953488446271e-06
98;0,3133922063730797;0,13288556932137432;-0,3130830437217386;-0,1327229557986104;0,00030916265134106613;0,00016261352276392138;0,014323570669162445;0,014323570669162443;0,014323570669162445;0,9942614118015913;-0,23187436425838007;0,9932446307479691;-0,23676400847513962;1,4323570669162446e-06
99;0,3040009900335498;0,12098478234068785;-0,30371428067057654;-0,12083397880953606;0,00028670936297325866;0,00015080353115179412;0,013793634737184778;0,013793634737184776;0,013793634737184778;0,9923910777474589;-0,13760777532188032;0,9914139788411321;-0,1435849159398554;1,3793634737184777e-06
100;-0,5954375183782384;-0,23693985963964265;0,5955618938422033;0,23706401613272002;0,0001243754639648209;0,00012415649307737087;0,027016716261223477;0,027016716261223483;0,027016716261223483;0,9923910777474589;-0,13760777532188032;0,9926411237842205;-0,1314069114508816;2,7016716261223485e-06
101;0,07479334384432258;0,036574025386993794;-0,07478899999997744;-0,03656400000004495;4,343844345139347e-06;1,0025386948844806e-05;0,003499997721833368;0,0034999977218333677;0,003499997721833368;0,9952049261960364;-0,23449496753823384;0,9951056406109293;-0,23938018963483332;3,499997721833368e-07
102;0,22673027368178603;0,09620147298865485;-0,2266856911642879;-0,09609852848679494;4,458251749811515e-05;0,00010294450185990844;0,010347297453773982;0,010347297453773977;0,010347297453773982;0,9958395114190396;-0,2101519268169616;0,9955110422397445;-0,22815258375576697;1,034729745377398e-06
103;0,23211692076417892;0,09844249805820676;-0,23204390938311384;-0,09836958738249484;7,30113810650801e-05;7,291067571192633e-05;0,010578035587072158;0,01057803558707216;0,01057803558707216;0,9971915792066618;-0,18317940682536066;0,9968131539065754;-0,19195826955649853;1,057803558707216e-06
104;-0,5583585547028197;-0,23713769583191038;0,5584752271867239;0,237407209269729;0,00011667248390423435;0,0002695134378186137;0,025459388565603043;0,025459388565603043;0,025459388565603043;0,9968627728695505;-0,1918961124227511;0,9972124275448175;-0,1727806355202826;2,5459388565603042e-06
105;0,2507897440573488;0,10637947524578663;-0,2505772743946415;-0,10626769464944927;0,00021246966270727086;0,00011178059633736026;0,011450133412729251;0,011450133412729253;0,011450133412729253;0,9953757733043681;-0,17881234184774825;0,9945015924730046;-0,183009068068519;1,1450133412729253e-06
106;0,25057727256515133;0,10626769816132885;-0,25014489955575336;-0,106040243134189;0,0004323730093979683;0,00022745502713984733;0,011450133399556153;0,01145013339955615;0,011450133399556153;0,9945015924730046;-0,183009068068519;0,9927226866261943;-0,19156886652247507;1,1450133399556152e-06
107;0,2422697438256021;0,1184468452646177;-0,24216800047663373;-0,11839332841640374;0,00010174334896836945;5,3516848213960855e-05;0,011304254531834397;0,011304254531834399;0,011304254531834399;0,9980632977343838;-0,11067534871255012;0,9976380172842733;-0,11139601354702022;1,13042545318344e-06
108;0,2495602963377841;0,0992675650288882;-0,24920300000001971;-0,09914500000000824;0,00035729633776437897;0,00012256502887995901;0,011393949417939137;0,01139394941793914;0,01139394941793914;0,9861822552191737;-0,7635409659986958;0,9847968779513833;-0,7596589121618447;1,139394941793914e-06
109;0,2350880992219521;0,09983323044821303;-0,23503746442184045;-0,09971631701364228;5,063480011163746e-05;0,00011691343457075065;0,010740926865851718;0,010740926865851718;0,010740926865851718;0,9948382995878651;-0,3520292158297897;0,9944788200947658;-0,3717370732745065;1,0740926865851718e-06
110;0,23122219626764234;0,11305160999504638;-0,23097200000004062;-0,11292000000003187;0,00025019626760172664;0,0001316099950145061;0,010831935777026283;0,010831935777026283;0,010831935777026283;0,9940968526529173;-0,29488086896734195;0,9930054348728048;-0,2967390705981295;1,0831935777026282e-06
111;0,23107885587393615;0,11297619357695601;-0,2309719999999477;-0,11291999999996571;0,00010685587398845398;5,619357699029881e-05;0,010836832678805485;0,010836832678805487;0,010836832678805487;0,9930226144213485;-0,349648345276758;0,9925567198072852;-0,3504393591600239;1,0836832678805486e-06
112;0,5130267518263583;0,2511683130829344;-0,5128931254574938;-0,25085970393975654;0,0001336263688644923;0,0003086091431778737;0,0240670181955163;0,024067018195516307;0,024067018195516307;0,9929663644798217;-0,4069947087329835;0,9925219155754742;-0,4289129879927335;2,4067018195516307e-06
113;-0,901160583893245;-0,4412652475087182;0,9027125286961127;0,4428150750608314;0,0015519448028676885;0,0015498275521131921;0,042004471530352666;0,04200447153035268;0,04200447153035268;0,9993958295956592;-0,10118864394667942;1,0014631896887252;-0,06076342206450766;4,200447153035268e-06
114;-0,5940947061854996;-0,2567108033556536;0,5941944458702103;0,25694109120546355;9,973968471066463e-05;0,00023028784980994033;0,02718110518979781;0,02718110518979781;0,02718110518979781;0,9961434733929427;-0,1940244755756615;0,9964250316794075;-0,17881617821989063;2,718110518979781e-06
115;0,14554883685981715;0,07115984539525833;-0,14547499999997907;-0,07112099999999397;7,383685983808341e-05;3,8845395264358595e-05;0,006810067837736177;0,006810067837736177;0,006810067837736177;0,9953103221028085;-0,22931128856729008;0,9947979920365799;-0,23018418381128852;6,810067837736177e-07
116;0,20296585525322497;0,08612028985400272;-0,2029339021178284;-0,08604652405354767;3,195313539655631e-05;7,376580045505288e-05;0,009275467117284069;0,009275467117284069;0,009275467117284069;0,9944788200947658;-0,3717370732745065;0,9942162149894598;-0,3861439856607474;9,275467117284068e-07
117;0,0;0,0;0,0;0,0;0,0;0,0;;;;;;;;
118;0,19865384335637287;0,07904397185098445;-0,1985822730865685;-0,07900633534082527;7,157026980436632e-05;3,763651015918634e-05;0,009011141390946373;0,009011141390946373;0,009011141390946373;0,9926411237842205;-0,1314069114508816;0,9922677785878635;-0,1336883036091618;9,011141390946374e-07
119;-0,08731093404358752;-0,03701307707614341;0,08731459622016705;0,037021534846761364;3,662176579530274e-06;8,457770617954774e-06;0,003984243228363133;0,003984243228363134;0,003984243228363134;0,9957969093809352;-0,29958330180590553;0,9958669799791691;-0,2957424279233218;3,984243228363134e-07
120;-0,141817843872414;-0,060119111206381186;0,14185123880103281;0,06015245568948851;3,339492861881288e-05;3,334448310732263e-05;0,006483666112419113;0,006483666112419114;0,006483666112419114;0,9939338357048084;-0,3927132866840795;0,9942162149894598;-0,3861439856607474;6,483666112419115e-07
121;0,18167443985011353;0,08882074790074512;-0,1816335502520083;-0,0887992350092882;4,0889598105220415e-05;2,1512891456923477e-05;0,008480885238763848;0,008480885238763848;0,008480885238763848;0,9975915418512451;-0,14028631854563636;0,9973637156230127;-0,14067379580619574;8,480885238763847e-07
122;0,15718812276158564;0,06664668530614293;-0,1570680674239493;-0,0665835291846325;0,00012005533763634335;6,315612151042149e-05;0,0071761524271849045;0,0071761524271849045;0,0071761524271849045;0,9953757733043681;-0,17881234184774825;0,9945876526800859;-0,1826012058745394;7,176152427184904e-07
123;1,4068052208612114;0,5955994604080117;-1,4043235172158113;-0,5923756906972136;0,002481703645400124;0,0032237697107980745;0,06383609509346451;0,0638360950934645;0,06383609509346451;1,001219915930581;-0,0339861816133105;0,9988993018412549;-0,10921274958919107;6,383609509346451e-06
124;-1,009604252751952;-0,4018050516571078;1,0104971406393546;0,4026966810696867;0,0008928878874026047;0,0008916294125789204;0,04579801348825819;0,04579801348825819;0,04579801348825819;0,9926411237842205;-0,1314069114508816;0,993700263831738;-0,10516222648924711;4,579801348825819e-06
125;-1,5076276292186799;-0,6139933534251459;1,5122591783153005;0,616429908497079;0,0046315490966206685;0,0024365550719330775;0,06822283663310984;0,06822283663310984;0,06822283663310984;0,9982690913836779;-0,07864518377287145;1,0014631896887252;-0,06076342206450766;6,822283663310984e-06
126;-1,2543502070561545;-0,50605963748712;1,2598820278421237;0,5089695347735841;0,005531820785969144;0,0029098972864640693;0,05694688798640575;0,05694688798640574;0,05694688798640575;0,993700263831738;-0,10516222648924711;0,9982690913836779;-0,07864518377287145;5,694688798640575e-06
127;-0,12459799999996295;-0,04957100000002381;0,12462342740928908;0,049584374779006214;2,5427409326136963e-05;1,3374778982402913e-05;0,005651190799785495;0,005651190799785493;0,005651190799785495;0,9927471660955427;-0,3543449031884572;0,9929586795236965;-0,35305151566112;5,651190799785495e-07
128;0,0;0,0;0,0;0,0;0,0;0,0;;;;;;;;
129;0,12321647703946266;0,0602320040906585;-0,12316399999998506;-0,06021399999998668;5,2477039477596965e-05;1,8004090671819295e-05;0,005764559090959029;0,005764559090959029;0,005764559090959029;0,99538440981409;-0,22566369862788954;0,994984861311215;-0,22279200944605068;5,764559090959029e-07
130;-1,6814500703212023;-0,7893806675024619;1,682826790741914;0,7907555692700418;0,0013767204207117967;0,001374901767579817;0,07785998398234521;0,07785998398234523;0,07785998398234523;0,998114714625794;-0,12924771224336193;0,9990983738481697;-0,10892472406670108;7,785998398234523e-06
131;0,11684698379171214;0,046491879914563515;-0,11681299999999671;-0,04647400000002781;3,3983791715430645e-05;1,7879914535702535e-05;0,0053349917633589185;0,0053349917633589185;0,0053349917633589185;0,9861822552191737;-0,7635409659986958;0,9858827991851112;-0,7653864866424146;5,334991763358918e-07
132;-0,9081842295490891;-0,38608104052912834;0,9089132766240564;0,38680906005360244;0,0007290470749673483;0,0007280195244740995;0,041383380183740714;0,041383380183740714;0,041383380183740714;0,9976586152742588;-0,14839701331756572;0,998624926401088;-0,12607914089900357;4,138338018374071e-06
133;0,10648438207084293;0,04514519395837562;-0,10645088012730651;-0,04512756991422363;3,3501943536420886e-05;1,7624044151995366e-05;0,004854349257603709;0,0048543492576037075;0,004854349257603709;0,9968018325739775;-0,1777063783832514;0,9964767139445955;-0,1792669558217154;4,854349257603709e-07
134;0,0924000877814941;0,039171942890402274;-0,09238230499006464;-0,039162587758944815;1,77827914294576e-05;9,355131457458588e-06;0,004227334405356639;0,00422733440535664;0,00422733440535664;0,9932446307479691;-0,23676400847513962;0,9930464605550664;-0,23771889080653386;4,22733440535664e-07
135;-0,8862291143827165;-0,37658839820471274;0,8863299221951423;0,37682133276157975;0,00010080781242582937;0,00023293455686701492;0,04038804743756774;0,04038804743756773;0,04038804743756774;0,9974681253401434;-0,15880531672406825;0,9976586152742588;-0,14839701331756572;4,038804743756774e-06
136;0,08733982240341076;0,03702763538660194;-0,08731200000009787;-0,037012999999984135;2,7822403312893762e-05;1,4635386617806168e-05;0,004038622550172671;0,004038622550172669;0,004038622550172671;0,9827230724522588;-0,8338943446484863;0,9823985392454819;-0,8354741533693822;4,038622550172671e-07
137;0,08303935956805839;0,033040813716651886;-0,08301499999996312;-0,03302800000000582;2,4359568095266848e-05;1,2813716646069284e-05;0,00381091637062554;0,0038109163706255404;0,0038109163706255404;0,9811354768395603;-1,0686469272592298;0,9808349936612061;-1,0705067250823461;3,81091637062554e-07
138;0,0;0,0;0,0;0,0;0,0;0,0;;;;;;;;
139;0,06268801891043768;0,02657653019253139;-0,06266800000001523;-0,02656600000001837;2,0018910422456293e-05;1,0530192513021064e-05;0,002861414584487849;0,002861414584487849;0,002861414584487849;0,9955335074660463;-0,24290102271919287;0,9952039319651623;-0,24448448467603548;2,861414584487849e-07
140;0,056988542704103445;0,02786106733476135;-0,05698008858193892;-0,027856619361944127;8,454122164526512e-06;4,447972817223783e-06;0,0026609217059883916;0,002660921705988392;0,002660921705988392;0,9973637156230127;-0,14067379580619574;0,9972135847712653;-0,140929314788331;2,6609217059883917e-07
141;-0,8169380307455638;-0,346977938588464;0,8170628246750868;0,34726621256566254;0,00012479392952302604;0,00028827397719854986;0,03723706778096212;0,03723706778096212;0,03723706778096212;0,9972124275448175;-0,1727806355202826;0,9974681253401434;-0,15880531672406825;3,7237067780962118e-06
142;0,0;0,0;0,0;0,0;0,0;0,0;;;;;;;;
143;0,045628634795833976;0,019343753687757235;-0,045617433411360514;-0,01933786205046925;1,1201384473462361e-05;5,891637287983725e-06;0,0020807545394049927;0,0020807545394049922;0,0020807545394049927;0,9964767139445955;-0,1792669558217154;0,9962231192466093;-0,18048380450207982;2,0807545394049927e-07
144;0,0;0,0;0,0;0,0;0,0;0,0;;;;;;;;
145;0,10925482642497308;0,04634046458484487;-0,10923368252425271;-0,04631935049575749;2,114390072037453e-05;2,1114089087378995e-05;0,004984278033758101;0,004984278033758101;0,004984278033758101;0,9961434733929427;-0,1940244755756615;0,995910886598092;-0,19942413745085028;4,984278033758101e-07
146;0,10923368125686335;0,04631935176547608;-0,10921253735638216;-0,04629823767662756;2,1143900481190858e-05;2,111408884852145e-05;0,0049842780055646034;0,0049842780055646034;0,0049842780055646034;0,995910886598092;-0,19942413745085028;0,9956783086525864;-0,2048263217421781;4,984278005564603e-07
147;0,0;0,0;0,0;0,0;0,0;0,0;;;;;;;;
148;0,028372736925088616;0,011287965711414558;-0,02836916675642343;-0,011286087720225931;3,5701686651873343e-06;1,8779911886267903e-06;0,001302662226907716;0,0013026622269077155;0,001302662226907716;0,9807011202665024;-1,093889490460181;0,9805722848364281;-1,094687421536297;1,302662226907716e-07
149;0,009066167821345715;0,003843399893021619;-0,009064997443609514;-0,0038429984699942105;1,1703777362016832e-06;4,0142302740837563e-07;0,00041309961162468427;0,0004130996116246843;0,0004130996116246843;0,9972814748938815;-0,15569799660051215;0,9971564776151408;-0,15519045047817284;4,130996116246843e-08
150;0,006274728278481072;0,0026602498057294974;-0,006274000000021726;-0,0026599999999992224;7,282784593460462e-07;2,4980573027494346e-07;0,00028623952863680066;0,00028623952863680066;0,00028623952863680066;0,996138064307109;-0,20984708558243884;0,9960258108044291;-0,20939070766267498;2,8623952863680066e-08
151;0,005075166756344488;0,0020190877202059874;-0,00507499999998347;-0,002019000000005918;1,6675636101744912e-07;8,772020006946393e-08;0,00023304331734632253;0,00023304331734632253;0,00023304331734632253;0,9805722848364281;-1,094687421536297;0,9805386471447783;-1,0948957991175252;2,3304331734632255e-08
152;8,801651458243308e-14;-4,4465681993836415e-14;-8,801651458243308e-14;4,446568199383642e-14;0,0;6,310887241768095e-30;4,1544688743471096e-15;4,1544688743471096e-15;4,1544688743471096e-15;0,9930464605550664;-0,23771889080653386;0,9930464605550664;-0,23771889080653763;4,15446887434711e-19
153;-6,968057536597078e-17;-2,2120487144756243e-14;6,968057536597105e-17;2,2120487144756243e-14;2,711709361697228e-31;0,0;9,289674813447168e-16;9,289674813447168e-16;9,289674813447168e-16;0,9962231192466093;-0,18048380450207982;0,9962231192466093;-0,18048380450208054;9,289674813447168e-20
154;-3,5191158718202477e-17;-1,1042085043110492e-14;3,519115871820279e-17;1,1042085043110492e-14;3,143117669239969e-31;0,0;4,644837406723584e-16;4,644837406723584e-16;4,644837406723584e-16;0,9945876526800859;-0,1826012058745394;0,9945876526800859;-0,18260120587454098;4,644837406723584e-20
155;-7,370036868219228e-17;-2,204274846622168e-14;7,370036868219279e-17;2,204274846622168e-14;5,053640174072107e-31;0,0;9,289674813447166e-16;9,289674813447166e-16;9,289674813447166e-16;0,9927226866261943;-0,19156886652247507;0,9927226866261943;-0,1915688665224764;9,289674813447165e-20
