;vm_pu;va_degree;p_mw;q_mvar;lam_p;lam_q
1;0,9999999999324107;-4,174950805941648e-20;-17,834216051405846;-8,659979740976206;1,0;9,975083229339327e-23
2;0,9925791185327816;-0,06635743743872384;0,0001;0,0;1,011310838783708;0,005464804087090765
3;0,9966211268489781;-0,24497499363960434;0,122;0,059;1,0053064701802805;0,002575526752151573
4;0,9921689168862016;-0,0724416036043171;0,00010000000000000286;0,0;1,0119084217488616;0,005753438587451496
5;0,9918661181661694;-0,07278339437102538;0,00010000000000000286;0,0;1,0124071339810152;0,005992812839075346
6;0,9917905390332938;-0,0734616898831339;0,11399999999999999;0,05499999999999999;1,0125233959628566;0,006048905228295062
7;0,9965855915665691;-0,24527916400809188;0,05099999999999999;0,024999999999999994;1,005360116487621;0,00260181753778645
8;0,9921271839286123;-0,07050224830400961;0,08300000000000002;0,04000000000000001;1,0120065588012368;0,005797527543701918
9;0,9966211121794376;-0,24497557510069398;9,999999999998899e-05;0,0;1,0053064902212334;0,002575520129150295
10;0,9968710563146204;-0,24277696780470273;0,122;0,059;1,004928309366265;0,0023920411011710226
11;0,9909453535991016;-0,09055874534135133;0,12200000000000005;0,059;1,01369346069727;0,0066166276851188695
12;0,9918130183672924;-0,07772248617736302;0,07699999999999996;0,03699999999999998;1,0124272933614167;0,006004025805418915
13;0,9924088285755082;-0,06888428945489322;9,999999999998899e-05;0,0;1,0115588432495253;0,005584590805155165
14;0,9925391532293202;-0,06671948523718481;0,06800000000000006;0,03300000000000003;1,0113722578830668;0,005494315138685247
15;0,9913706999412362;-0,08427796747013025;0,07099999999999995;0,03400000000000003;1,0130726531750909;0,006315925606770006
16;0,9923896156984389;-0,06809580470926307;9,999999999998899e-05;0,0;1,0116024876967713;0,005604264536575378
17;0,9923539283995347;-0,0683895891232466;9,999999999998899e-05;0,0;1,0116569491485037;0,005631414147491152
18;0,9920537946887662;-0,07109586626321177;0,07699999999999996;0,03699999999999998;1,012118460335033;0,005853646733890189
19;0,9921516262658866;-0,07028236451895645;0,030000000000000027;0,014000000000000012;1,011968985641678;0,005779420144544121
20;0,9874540336014376;-0,32681526613530976;0,013000000000000012;0,006000000000000005;1,0199966890846965;0,009696579079782964
21;1,0007379683788789;-0,21115952366308782;-4,661110425730912;-2,263043478944075;1,0000007549607626;1,4599953816097014e-06
22;0,9861375470404837;-0,33867405813682216;0,19399999999999995;0,09400000000000003;1,0220560151869897;0,010690853194261473
23;0,9860480156453245;-0,3395129407403411;0,07699999999999996;0,03700000000000003;1,0221968100851562;0,01075776550939837
24;0,9975974900239043;-0,23875062857373053;0,07699999999999996;0,03700000000000003;1,004710532747898;0,0022824190245045155
25;0,9866660244082306;-0,33388439692415167;0,07699999999999996;0,03700000000000003;1,0212280401624485;0,010291980088786921
26;0,9858389990560656;-0,3413517325086132;0,12199999999999989;0,05900000000000005;1,0225236666529618;0,010917021770822084
27;0,9927966618043844;-0,2800691680694486;0,10400000000000009;0,051000000000000045;1,0119118504016518;0,005788915836304027
28;0,9859333372904863;-0,34054347794548884;9,999999999998899e-05;0,0;1,0223764752404814;0,010844587584704714
29;0,9976951399515647;-0,23787048586657525;0,07699999999999996;0,03700000000000003;1,0045626524209808;0,0022113733138186373
30;0,9992757052693477;-0,22400835613478443;0,2430000000000001;0,118;1,002196201353118;0,0010659510475468407
31;0,9946577771261484;-0,263876172286929;0,07699999999999996;0,03700000000000003;1,0091062199036083;0,004427700732992225
32;0,9868143527271319;-0,3326297455860763;0,07699999999999996;0,03699999999999992;1,0209968248129941;0,010177624660412093
33;0,9863973968977319;-0,33634931465367734;0,00010000000000021103;0,0;1,0216493634353967;0,010493995252860296
34;0,9979317384904834;-0,23573844021583465;0,121;0,05800000000000005;1,0042044968136579;0,0020392893869492943
35;0,9861190308342818;-0,33877598524417163;0,19399999999999995;0,09400000000000008;1,0220838065037825;0,010706296918780792
36;0,9857825398421026;-0,3418961541358607;0,12199999999999989;0,05899999999999994;1,0226127747782343;0,010958864958838608
37;0,9867042290751125;-0,3336331176761421;0,07699999999999996;0,03699999999999992;1,0211691725153416;0,010260437553156225
38;0,9859862567318279;-0,33996929019095545;0,00010000000000021103;0,0;1,0222917841454289;0,010806803200197388
39;0,9996553487533943;-0,22068498013565377;0,00010000000000021103;0,0;1,0016256285676917;0,0007888637945327553
40;0,9966947603465468;-0,24618687760141497;0,09600000000000009;0,04699999999999993;1,00604588313146;0,002941520049401548
41;0,9858143571052934;-0,341511319808351;0,12199999999999989;0,05899999999999994;1,0225611162558395;0,010937056605928632
42;1,000456653088274;-0,2136294698055538;0,06999999999999984;0,03400000000000003;1,0004220689151249;0,0002056952564804817
43;1,0003714961507002;-0,2143740657605978;0,05799999999999983;0,028000000000000025;1,0005495732005047;0,00026760177007063504
44;0,9873459391763496;-0,32778850323632996;0,00010000000000021103;0,0;1,0201655087386479;0,009778091912721353
45;0,9998688113219788;-0,2188218884759488;0,12199999999999989;0,05899999999999994;1,0013050928917482;0,0006330265979331691
46;1,0004805527076808;-0,21342068681990112;0,12199999999999989;0,05899999999999994;1,000386281771174;0,0001883178772099649
47;0,9985685946144298;-0,22998824582466115;0,12199999999999989;0,05899999999999994;1,0032411200230822;0,0015767809111740913
48;1,0004336339222932;-0,21382216105339807;0,08599999999999985;0,04200000000000004;1,000456384009326;0,0002226289995478572
49;0,9999401713247253;-0,2181906377894269;0,07699999999999996;0,03699999999999992;1,001197910849803;0,0005811997770416303
50;1,0005741203944372;-0,21259693390896106;0,00010000000000021103;0,0;1,0002460770436488;0,00012041796828296662
51;0,9884934910852455;-0,3177226097124184;0,12199999999999989;0,05899999999999994;1,0184242805135675;0,008937985803618766
52;0,9894308225328621;-0,30951553746416954;0,12199999999999989;0,05899999999999994;1,0170044384559125;0,00825237600565815
53;0,9860048568796937;-0,33986370362024465;0,12199999999999989;0,05899999999999994;1,0222638217041198;0,010791356833950607
54;0,98849343561714;-0,31772482619052783;0,00010000000000021103;0,0;1,0184243735191578;0,00893797065010493
55;0,9862545642038387;-0,33764683268876244;0,041999999999999815;0,020000000000000018;1,021873176423692;0,01060169989577308
56;0,9912017550829799;-0,29401237753673926;0,12199999999999989;0,05899999999999994;1,0143228049164932;0,006955955650164304
57;0,9965260790804151;-0,2484880257011279;0,0129999999999999;0,006000000000000005;1,0063716851607867;0,003085352109423402
58;0,9944288459625755;-0,2625517673832238;0,07699999999999996;0,03699999999999992;1,0088520002930752;0,004299090039362475
59;0,9961874519279192;-0,24421934092779007;0,04999999999999982;0,02400000000000002;1,0058152349860048;0,0028512104669126377
60;0,9944020606624185;-0,26279008699477535;9,999999999976694e-05;0,0;1,0088928805492892;0,004318845323417636
61;0,9942950003731633;-0,26374276160141585;0,05999999999999961;0,029000000000000137;1,0090562867007096;0,0043978553984431925
62;0,9964025378560254;-0,24462146347626976;0,07099999999999973;0,03399999999999981;1,0057556663637504;0,0027962611891537087
63;0,9941155674836695;-0,2653390383819415;0,12199999999999989;0,05900000000000016;1,0093302635401649;0,004530348924533878
64;0,9973796839285263;-0,23576997644713332;0,07699999999999996;0,03699999999999992;1,0042302392050042;0,0020556085359616973
65;0,9959864177426873;-0,24599449873617824;0,09499999999999975;0,04599999999999982;1,0061201682109562;0,002999004333400771
66;0,9979588188800168;-0,22907147534910338;0,12099999999999955;0,05799999999999983;1,0031732710528047;0,0015618590955516866
67;0,9981543717241689;-0,2287645487549447;0,07699999999999996;0,03699999999999992;1,0030253036714816;0,0014705232774463678
68;1,0001182639930943;-0,21113386529429504;-4,989786347921838;-2,4382685697485025;1,0000008879945594;2,0790431735321892e-06
69;0,9960971520585583;-0,24501867245877534;0,0519999999999996;0,02499999999999991;1,0059522017704055;0,0029175442614837416
70;0,9967023688939153;-0,23966253212815913;0,057000000000000384;0,027000000000000135;1,0050340355165823;0,002472890198636639
71;0,995823077524984;-0,24743148735795992;0,17100000000000026;0,08300000000000018;1,0063679673626458;0,003119280166642528
72;0,9994887489683886;-0,22215334423952296;0,12099999999999955;0,05799999999999983;1,0018761276259895;0,0009101957641727062
73;0,9942071331108577;-0,26175516006346533;0,0389999999999997;0,019000000000000128;1,0088294204270571;0,004311269786757996
74;0,9994394796539231;-0,22257887365189727;0,11899999999999977;0,05799999999999983;1,0019500446529583;0,0009462673761306877
75;0,9993699568119333;-0,22317368751478162;0,04900000000000038;0,02400000000000002;1,0020542341552898;0,000997280756805703
76;0,9993466793659309;-0,22340553445927508;9,999999999976694e-05;0,0;1,002089769298201;0,0010136557615370075
77;0,9943834324886189;-0,2601999229677196;0,04999999999999982;0,02400000000000002;1,0085606645576384;0,004180902664598832
78;0,9942969428857467;-0,2609671238092727;0,043999999999999595;0,020999999999999908;1,0086925485909535;0,004244743114065835
79;0,9942727738955334;-0,2611772957072145;0,08199999999999985;0,040000000000000036;1,008729341068201;0,004262688487831939
80;0,9940775445323504;-0,2629026946770509;0,13199999999999967;0,06400000000000006;1,0090271118641554;0,004407036867477021
81;0,9992094034370187;-0,22461435267760851;0,19399999999999995;0,09399999999999986;1,0022962849967225;0,001113715503438697
82;0,9940774709969485;-0,2629056168817229;9,999999999976694e-05;0,0;1,009027223436117;0,004407010557670897
83;0,993509456254607;-0,26518782435559096;0,12199999999999989;0,05900000000000016;1,0096756261069786;0,004773161928405295
84;0,9861082938740704;-0,3389758943358623;0,0030000000000001137;0,0009999999999998899;1,0221024433768349;0,010712036360012113
85;0,9998015967895788;-0,21392107833329282;0,0519999999999996;0,02499999999999991;1,0004764440148868;0,00023263580674035505
86;0,9908939539153861;-0,09131627048857215;0,10299999999999976;0,04999999999999982;1,0137684886527538;0,0066530141652383235
87;0,9959911321780652;-0,03576624942709088;0,020999999999999908;0,009999999999999787;1,0060871758855332;0,002944256773729763
88;0,9973280637528613;-0,23607621538648876;0,020999999999999908;0,009999999999999787;1,0042736632209417;0,0020747685615863866
89;0,9976681729866682;-0,23307015213041415;0,020999999999999908;0,009999999999999787;1,003759604830976;0,0018258364964756143
90;0,9937075497020894;-0,26342460348441793;0,004999999999999893;0,0030000000000001137;1,0093728097602472;0,004626718005658647
91;0,9908938580120747;-0,09132009382228913;9,999999999976694e-05;0,0;1,0137686829203398;0,0066530121969727365
92;0,9959949309071657;-0,03570886713338238;9,999999999976694e-05;0,0;1,0060816913325181;0,002941646032113207
93;1,000094815549335;-0,21134951393009477;0,020999999999999908;0,009999999999999787;1,0000361235105417;1,8843555256182923e-05
94;0,9873102199154938;-0,2623815773619428;0,017999999999999794;0,008999999999999897;1,0173976295659848;0,008503886873151395
95;0,9866694203423787;-0,2681330499320392;0,12199999999999989;0,05900000000000016;1,018395141974685;0,008986061850778585
96;0,9859967454095697;-0,274118094392651;0,11599999999999966;0,05600000000000005;1,0194447079476991;0,00949543459249585
97;0,9865241742077758;-0,26941857847917056;0,006999999999999673;0,0030000000000001137;1,0186222119619037;0,009096580863314933
98;0,9870583969608269;-0,264633405506948;0,06400000000000006;0,03100000000000014;1,0177896456603153;0,008693682718726798
99;0,9860208242554651;-0,33973448698516934;0,04900000000000038;0,02400000000000002;1,0222389554357625;0,010778893714695006
100;0,985585248306926;-0,27774909163215095;0,016000000000000014;0,008000000000000007;1,0200865372166374;0,009807844770799403
101;0,9856923601628929;-0,2768151696230002;0,07699999999999996;0,03699999999999992;1,019919601874024;0,009726220105633242
102;0,9854967936412242;-0,278526605963204;0,11899999999999977;0,05799999999999983;1,0202245290840228;0,00987510532315419
103;0,9859927166169612;-0,3400403113335182;0,07099999999999973;0,03399999999999981;1,0222838815499522;0,0107988714553872
104;0,9858403471907488;-0,3413817217136885;0,07699999999999996;0,03699999999999992;1,0225222628679673;0,010915008729152869
105;0,9857026327658596;-0,3434243994400969;0,19399999999999995;0,09399999999999986;1,022726876441845;0,011014155211711564
106;0,9868080301199025;-0,26689081291886113;0,12199999999999989;0,05900000000000016;1,018179272463512;0,008881658214235404
107;0,9860591775489611;-0,33939924511729663;0,054999999999999716;0,027000000000000135;1,0221790509050024;0,010749640430074377
108;0,9860432858379907;-0,33976202486651225;0,038000000000000256;0,017999999999999794;1,0222028092852606;0,010759143977496792
109;0,986070076099837;-0,3393500768316531;0,02200000000000024;0,009999999999999787;1,022162793879294;0,010740194531516476
110;0,9860662387452025;-0,3393640965740156;9,999999999976694e-05;0,0;1,0221684635164117;0,010743604038190847
111;0,9870249602092781;-0,26494687068734696;0,07699999999999996;0,03699999999999992;1,0178415847200102;0,008718324045331627
112;0,9867299552376906;-0,2675929795021496;0,12199999999999989;0,05900000000000016;1,0183009251195627;0,008940364227700632
113;0,9871729600182754;-0,2636196274267553;0,038000000000000256;0,017999999999999794;1,017611291652302;0,00860694987930618
114;0,9868919064752574;-0,26614013291086536;0,12199999999999989;0,05900000000000016;1,01804872150517;0,008818444009102248
115;0,9867962459710147;-0,26699898606943423;0,027000000000000135;0,0129999999999999;1,0181976938082233;0,008890438652463268
116;0,9867229769256826;-0,2676362387930587;0,06400000000000006;0,03100000000000014;1,018312232806923;0,008946611947688516
117;0,9863456183125479;-0,2710093118800242;9,999999999976694e-05;0,0;1,0189005773514808;0,009231560974452113
118;0,9861082530977175;-0,3389775276259971;9,999999999976694e-05;0,0;1,0221025162407387;0,010712027897268515
119;0,9869732495374827;-0,271106406027057;9,999999999976694e-05;0,0;1,0178456308451727;0,00871931098400031
120;0,993029359807378;-0,14395707557987253;9,999999999976694e-05;0,0;1,0094788347931074;0,004657700596256767
121;0,9869617463516083;-0,27127898657427596;0,07900000000000063;0,03799999999999981;1,0178626270037;0,00872748679607488
122;0,9868026242780985;-0,2726506100558318;0,2469999999999999;0,11899999999999977;1,0181114582265416;0,008847391642760124
123;0,9996789068914922;-0,008073090250866558;9,999999999976694e-05;0,0;1,000412319683075;0,00020453132825302417
124;0,9869182033471857;-0,2716441744500848;9,999999999976694e-05;0,0;1,0179321652497229;0,008759749127415915
125;0,9869175441329758;-0,27167056091116654;9,999999999976694e-05;0,0;1,0179336010127262;0,00875979589654307
126;0,9869181737196027;-0,271645360357692;9,999999999976694e-05;0,0;1,0179322297776892;0,008759751228966937
127;0,9869181144643804;-0,27164773217311855;9,999999999976694e-05;0,0;1,0179323588350875;0,008759755433064034
128;0,9869175663536773;-0,271669671479319;9,999999999976694e-05;0,0;1,0179335526161584;0,008759794320055383
129;0,9846793644236805;-0,3348785307664715;0,07699999999999996;0,03699999999999992;1,0225265776827326;0,011148060916775887
130;0,9842326681412622;-0,34152053098011587;0,12199999999999989;0,05900000000000016;1,0231917213205504;0,01147029107916026
131;0,9840959589583103;-0,3427481789210487;0,06199999999999939;0,03000000000000025;1,0234065915438297;0,01157423154570746
132;0,984139862323228;-0,34214118360938156;0,10500000000000043;0,051000000000000156;1,0233397731378968;0,011542597938863409
133;0,9952974053567961;-0,25942174572233356;0,12199999999999989;0,05900000000000016;1,00824047983185;0,003988413264586805
134;0,9844449373278346;-0,33840155491097856;0,07699999999999996;0,03699999999999992;1,0228761702783011;0,011316253972206378
135;0,9954506323664108;-0,2581425256967911;0,07699999999999996;0,03699999999999992;1,0080081623692263;0,0038733310530682324
136;0,9955762064785935;-0,2569575006164172;9,999999999976694e-05;0,0;1,0078160778007814;0,0037827397046655688
137;0,9843701540700568;-0,3389406648904947;0,08500000000000085;0,04100000000000037;1,0229953337002013;0,011373965939435664
138;0,9961102527878758;-0,2522028517684425;0,007999999999999119;0,0039999999999995595;1,007003388896215;0,0033900324925955584
139;0,9943152970806477;-0,26810185484875176;0,12199999999999989;0,05900000000000016;1,0097401486055806;0,004715747503053141
140;0,995470657106605;-0,25788250652329203;0,03500000000000014;0,017000000000000348;1,0079766497861047;0,003860830504198816
141;0,9844373444171043;-0,33847072626873126;0,054999999999999716;0,027000000000000135;1,0228867396482024;0,011322747178041461
142;0,9955762872456402;-0,25695429587695706;0,15300000000000047;0,07399999999999984;1,0078159735655212;0,0037827808705664617
143;0,9944169612160547;-0,2671977647037085;0,3160000000000007;0,15299999999999958;1,0095848572082284;0,004640653322028043
144;0,9950142860553479;-0,26188643983661497;0,10500000000000043;0,051000000000000156;1,0086729330260298;0,004199600420546322
145;0,9958318369857156;-0,25469129137803287;0,019999999999999574;0,009999999999999787;1,0074270951603101;0,003594429420809935
146;0,9959287005475463;-0,2538234666783988;0,09500000000000064;0,04600000000000026;1,007279680813002;0,0035233974865241445
147;0,9957936137223065;-0,2550213837404909;0,038000000000000256;0,017999999999999794;1,0074853354085895;0,0036229875048672824
148;0,9951481499532021;-0,26071004305898;0,08300000000000018;0,040000000000000036;1,008469132842708;0,00410062047760566
149;0,996159893584799;-0,25176010756848216;0,05000000000000071;0,02400000000000002;1,0069281109374157;0,0033537311607222137
150;0,9949967240308001;-0,26205609509163585;0,07699999999999996;0,03699999999999992;1,0087000732192686;0,004212322041465489
151;0,9845385058151159;-0,3361392600898084;0,12199999999999989;0,05900000000000016;1,022747642071189;0,011255110447514607
152;0,995345919214396;-0,2590889095794505;0,10200000000000031;0,04900000000000038;1,0081678662350722;0,003950043037166438
153;0,9842647946806787;-0,34103113152638787;0,0600000000000005;0,028999999999999915;1,0231436516699743;0,011447334557122116
154;0,9845316508663096;-0,33709600855263344;0,07699999999999996;0,03699999999999992;1,022746792751927;0,011254082721486442
155;0,9843559087573471;-0,3377712302449293;0,19400000000000084;0,0940000000000003;1,023034272254941;0,011394002841115494
156;0,9844668891847863;-0,3380657922546217;0,05599999999999916;0,027000000000000135;1,0228433103269878;0,011300634598031179
157;0,9840355353169685;-0,3432912950502605;0,12199999999999989;0,05900000000000016;1,0235015861154164;0,01162017254938844
158;0,9869187218301554;-0,27162342107851734;9,999999999976694e-05;0,0;1,0179310360059823;0,008759712346430647
159;0,9870676017635102;-0,27127323194532016;0,0030000000000001137;0,001000000000000334;1,0183625886115728;0,009097233210059145
160;0,9848525009438449;-0,3283490183422149;0,0009999999999994458;0,0;1,0219091748634568;0,010861933577622837
161;0,9864083189986077;-0,2771299398587219;0,0519999999999996;0,025000000000000355;1,0193902246750093;0,00959609760784025
162;0,9858973408105262;-0,2964350567895618;0,19400000000000084;0,0940000000000003;1,020091974143634;0,009956156673207804
163;0,9852850046624466;-0,2870746247509815;0,009999999999999787;0,004999999999999893;1,0211460057721828;0,010452627757256597
164;0,9858200738071767;-0,28231734743349707;0,1280000000000001;0,06200000000000028;1,020307523854408;0,010042639361881213
165;0,9858128935401576;-0,2823761150911146;0,016000000000000014;0,008000000000000007;1,0203186537028963;0,010048204599429723
166;0,9855419448461952;-0,31206446172605373;0,03700000000000081;0,017999999999999794;1,0206436903220093;0,010247533911434317
167;0,984434180798427;-0,29963687008417644;0,15399999999999991;0,07500000000000018;1,0224099814826253;0,01106762264677033
168;0,9855931693331176;-0,28440599379904025;9,999999999976694e-05;0,0;1,0206636218060594;0,010213231969278863
169;0,9858972629525239;-0,2964381762461091;9,999999999976694e-05;0,0;1,0200921387371196;0,009956158322696994
170;0,9852841195398724;-0,31817926363214283;0,0779999999999994;0,038000000000000256;1,0210668547131085;0,010458286023180446
171;0,9852849394427396;-0,28707782658287695;9,999999999976694e-05;0,0;1,0211461463592544;0,010452631329929941
172;0,9860553354677009;-0,28028087213461766;0,026999999999999247;0,0129999999999999;1,0199413348157385;0,00986318045616597
173;0,9851848433567181;-0,2880434847172375;0,10299999999999976;0,04999999999999982;1,0213023359878348;0,010523044718877017
174;0,9851276149637739;-0,32103015142545255;0,12199999999999989;0,05900000000000016;1,0213456738686477;0,010591164619425462
175;0,983982456139551;-0,30632193277054354;0,07199999999999918;0,03500000000000014;1,0230822935509212;0,011394372315524688
176;0,9854348263793138;-0,2858197399621792;9,999999999976694e-05;0,0;1,0209113054605878;0,01033326959222925
177;0,9847951145481924;-0,3281586750191823;0,12199999999999989;0,05900000000000016;1,0219315222188736;0,010884170589124508
178;0,9834934188649609;-0,3126631193212407;0,19400000000000084;0,0940000000000003;1,0238236836951815;0,011754185828099338
179;0,9853429553876429;-0,2866382423876924;9,999999999976694e-05;0,0;1,021055011399021;0,010402975143043513
180;0,9848856863534566;-0,32734545555233086;0,07699999999999996;0,03699999999999992;1,0217895266442458;0,010815497922138451
181;0,9836473113682185;-0,31128614094679014;0,08200000000000074;0,040000000000000036;1,0235816445204313;0,011636900411660664
182;0,9862587869648626;-0,29320425385001553;0,053000000000000824;0,0259999999999998;1,0195276547257084;0,009682888306923359
183;0,9861181171617306;-0,29446228565442495;0,12199999999999989;0,05900000000000016;1,0197472378714942;0,00978918983905524
184;0,9852960440597454;-0,2869165345333328;0,06400000000000006;0,030999999999999694;1,0211297187594348;0,010444561330681678
185;0,9859982885761918;-0,2807403266847906;0,0860000000000003;0,041999999999999815;1,0200293947681502;0,00990742639451346
186;0,9858209697231207;-0,3055150558871056;0,08200000000000074;0,040000000000000036;1,0201911655417515;0,010022380605649332
187;0,9850437705214029;-0,29063866542876254;9,999999999976694e-05;0,0;1,0215042056570565;0,01062685944990994
188;0,9857209594312577;-0,28326251997887986;0,16699999999999982;0,0810000000000004;1,0204637387307331;0,01011644210992842
189;0,9950989567913391;-0,10170291252052437;9,999999999976694e-05;0,0;1,006890184986527;0,0034368724978758535
190;0,9951196687450424;-0,10150472926100298;9,999999999976694e-05;0,0;1,0068585066640496;0,0034220131703962832
191;0,9863675113334414;-0,2774452894172859;0,13100000000000023;0,06400000000000006;1,019452424885633;0,009627710353947567
192;0,9865062262014901;-0,27623522017984203;0,021000000000000796;0,009999999999999787;1,0192365664688117;0,009522237574894083
193;0,9950923997113461;-0,10176356918437009;0,021000000000000796;0,009999999999999787;1,0069001930070147;0,0034416372002956473
194;0,9961066709535976;-0,25223595051063524;0,021000000000000796;0,009999999999999787;1,0070088435034947;0,0033926278359103328
195;0,9954480713165963;-0,2581661741929293;0,021000000000000796;0,009999999999999787;1,0080120709620188;0,003875190854774313
196;0,9950986996811585;-0,10171311930080974;9,999999999976694e-05;0,0;1,0068906534417286;0,0034368358989975744
197;0,9863869859229246;-0,27727552333613686;9,999999999976694e-05;0,0;1,0194221132043588;0,009612901417935615
198;0,9950987364111832;-0,10171166118902128;9,999999999976694e-05;0,0;1,0068905865195208;0,003436841127404974
199;0,986510360184335;-0,2761966697084674;9,999999999976694e-05;0,0;1,0192300938126961;0,009519155275611901
200;0,9869188551543417;-0,27161808450078273;9,999999999976694e-05;0,0;1,0179307456298912;0,008759702888801906
201;0,9869137268435427;-0,2716647503798085;0,0519999999999996;0,025000000000000355;1,0179387388769248;0,008763545963306916
202;0,9995662596330743;-0,003804471746686747;0,20199999999999996;0,09799999999999986;1,0006505441647113;0,00031564174718057107
203;0,9965984517165808;-0,02985704356263307;0,20199999999999996;0,09799999999999986;1,005136344923968;0,0024956264266766805
204;0,9964873939104328;-0,031509284229719825;0,0730000000000004;0,03500000000000014;1,005296058789603;0,0025723726104772875
205;0,9964201119935486;-0,03211320611722243;0,08099999999999952;0,0389999999999997;1,0053981599061148;0,002621530929268027
206;0,9956326502970405;-0,043971490101948583;0,11500000000000021;0,05600000000000005;1,0065240605106966;0,00317052828823839
207;0,9951709858229891;-0,050732112350441505;0,11800000000000033;0,057000000000000384;1,0071887209458614;0,003493354834174065
208;0,9949424469641533;-0,04440850929942854;0,3179999999999996;0,15399999999999991;1,0076628004442072;0,0037253425428659314
209;0,9961100724077193;-0,03412001532006353;0,1609999999999996;0,07800000000000029;1,0058857505730168;0,0028625906792140972
210;0,9959127052484327;-0,035867745691127696;0,12599999999999945;0,06099999999999994;1,0061852811178023;0,0030076079839162395
211;0,9980264070149524;-0,017267686451889478;0,058999999999999275;0,028999999999999915;1,0029797742677382;0,0014504954473267058
212;0,9988836289097054;-0,009807808622884414;0,023999999999999133;0,011999999999999567;1,0016787048899183;0,000814607584480464
213;0,9987724345608615;-0,010780464998815638;0,023999999999999133;0,011999999999999567;1,0018456714184665;0,0008956918451311817
214;0,9988341959160668;-0,010297118017925868;0,005000000000000782;0,0019999999999997797;1,0017537835699104;0,0008492522984877431
215;0,9960434275499636;-0,034736835351538445;0,12599999999999945;0,06099999999999994;1,0059859085939815;0,00290966506758491
216;0,9950157702238085;-0,04379645561221794;0,05599999999999916;0,027000000000000135;1,0075495006409187;0,003668560783489488
217;0,9949286037192784;-0,04508060335913999;0,06199999999999939;0,03000000000000025;1,0076752212630438;0,0037293908780128143
218;0,9944819583496419;-0,04850130011647946;9,999999999976694e-05;0,0;1,0083631109948288;0,004063543376663298
219;0,9944582489892457;-0,04871248554925598;0,03200000000000003;0,01499999999999968;1,0083992385428853;0,004081081407912922
220;0,9938401389655515;-0,05413733665103511;0,15799999999999947;0,07699999999999996;1,0093421437644203;0,0045395773939149245
221;0,9934188188839892;-0,05785283599120703;0,12599999999999945;0,06099999999999994;1,0099859508144569;0,004852065722999361
222;0,9931807298261423;-0,05995525135383372;0,20199999999999996;0,09799999999999986;1,010350083842975;0,005028738911660325
223;0,9937987967395527;-0,05473897656745527;0,04100000000000037;0,019999999999999574;1,009401845502625;0,0045686977369362464
224;0,9923898933075894;-0,08869745956725755;0,08099999999999952;0,0389999999999997;1,0112691791547945;0,0054787898247473646
225;0,9924653956579931;-0,08801698710443034;0,12599999999999945;0,06099999999999994;1,011153234145474;0,005422963913294
226;0,9925416109847847;-0,08733570546308489;0,20199999999999996;0,09799999999999986;1,011036319169137;0,005366481128109914
227;0,9925542919362229;-0,08714378123087228;0,018000000000000682;0,009000000000000341;1,011017942711777;0,005357606018767812
228;0,9930777901438275;-0,07944126346077925;0,20199999999999996;0,09799999999999986;1,0102581314053063;0,0049892408301284875
229;0,9939791996347551;-0,06619670677246738;0,10600000000000165;0,051000000000000156;1,0089526246266471;0,004355523991077522
230;0,9929370390085883;-0,08150794955899074;0,1750000000000007;0,08499999999999996;1,0104621909111453;0,005088281519772166
231;0,9943784206045587;-0,06104702600391669;0,1739999999999995;0,08400000000000052;1,0083500214439536;0,004056539811584217
232;0,9946043227448478;-0,059028966718475684;0,11299999999999955;0,054999999999999716;1,0080054252201158;0,0038901709977255767
233;0,9928239263392044;-0,08317181080955573;0,20200000000000173;0,09800000000000075;1,010626251357233;0,005167851064078891
234;0,9928880748615453;-0,0625296903478558;9,999999999976694e-05;0,0;1,0108021046330746;0,005249458031789833
235;0,9934310198465062;-0,05774281038510955;0,20200000000000173;0,09800000000000075;1,009970839726811;0,004845672047456859
236;0,993818920249653;-0,05432424832733407;0,4029999999999987;0,19500000000000028;1,0093777214615236;0,004557584166712398
237;0,9969013620922442;-0,24413999432768663;0,20200000000000173;0,09800000000000075;1,0047849763405232;0,0023201632828488907
238;0,9967905657888287;-0,24576790485470862;0,12600000000000122;0,06099999999999994;1,0049438200335756;0,0023970546529394512
239;0,9972738639653358;-0,23868153109492557;9,999999999976694e-05;0,0;1,0042514116432928;0,0020615079806164424
240;0,997271473647219;-0,23871679374371765;0,028999999999999915;0,013999999999999346;1,0042548338403414;0,002063158647565738
241;0,9976626047616418;-0,23287518748100428;0,009000000000000341;0,0039999999999995595;1,0036988489572682;0,001790927849463088
242;0,9976700511639888;-0,2327976144269754;0,004999999999999005;0,002000000000000668;1,0036874478704163;0,0017857879871144048
243;0,9976956118997024;-0,2324964065972899;9,999999999976694e-05;0,0;1,0036479035701318;0,001769089932929705
244;0,998382481684673;-0,2264170656338536;0,018000000000000682;0,009000000000000341;1,002611628083608;0,0012677065256456383
245;0,9982526203170063;-0,2275645909006006;0,045000000000001705;0,02200000000000024;1,0028073680164058;0,0013624888767060815
246;0,9976056524737419;-0,23379806843620213;0,03200000000000003;0,016000000000000014;1,0037761876485463;0,001831742057187194
247;0,997505623732222;-0,23467421755548945;0,06099999999999994;0,02999999999999936;1,0039271158382506;0,0019050711033715966
248;0,9974269515648775;-0,23538004905422455;0,08099999999999952;0,0389999999999997;1,0040461260468878;0,0019623637606098142
249;0,9975929348684689;-0,23401149596534765;0,12600000000000122;0,06099999999999994;1,003794796812048;0,0018399330074567258
250;0,997571776682977;-0,23420739334161478;0,022999999999999687;0,010999999999999233;1,0038267931413478;0,001855123672098695
251;0,9969429924124541;-0,23767234947622748;0,013999999999999346;0,006999999999999673;1,004701455334866;0,00231371516510662
252;0,9974214472997865;-0,2336107632242036;0,018000000000000682;0,009000000000000341;1,003981067080112;0,0019596254657177313
253;0,9965938640873567;-0,2406473365572915;0,12600000000000122;0,06099999999999994;1,005227854374344;0,0025720883608562795
254;0,9965615552947441;-0,2410826955678434;0,004999999999999005;0,0030000000000001137;1,0052734222154132;0,0025952518476765572
255;0,996551938550156;-0,24116062030878638;0,0259999999999998;0,0129999999999999;1,0052878583411538;0,0026024666555040776
256;0,9965374360638859;-0,24127985372482325;0,018000000000000682;0,009000000000000341;1,0053096060571867;0,0026132653808383383
257;0,9919162885755657;-0,07681551640243572;0,12600000000000122;0,06099999999999994;1,012214482830007;0,005934970624591806
258;0,9918009818112836;-0,0778553840494089;0,08099999999999952;0,0389999999999997;1,0123919129746204;0,006020402586485201
259;0,9918521045982642;-0,07736440955145192;9,999999999976694e-05;0,0;1,012312723445961;0,005983240211136494
260;0,9876052584426487;-0,23952381857681884;0,12600000000000122;0,06099999999999994;1,0171792756917593;0,008409685118424565
261;0,9918016920181445;-0,07808912512096793;0,04100000000000037;0,019999999999999574;1,0123857873942068;0,006019189297762974
262;0,9917864080964779;-0,07830423779497783;9,999999999976694e-05;0,0;1,012407857156988;0,00603018378785148
263;0,9917610763715209;-0,07865857376142923;0,027999999999998693;0,013999999999999346;1,0124444026647752;0,006048455538762844
264;0,9917412891286544;-0,0730688724985194;0,030000000000001137;0,013999999999999346;1,0126119334294217;0,006123400390321974
265;0,9905563074894809;-0,08362977576693677;0,08099999999999952;0,0389999999999997;1,0144412723061715;0,007009451239966582
266;0,9864183692119541;-0,24996684934454402;0,20200000000000173;0,09800000000000075;1,0190273674226908;0,009310405275972548
267;0,9872999758930677;-0,2421550784062564;0,3180000000000014;0,15399999999999991;1,0176547101927758;0,008643468494075518
268;0,9893593267094726;-0,22390524184250044;0,17599999999999838;0,08500000000000085;1,0144593942363924;0,007090991306561746
269;0,9919391975490025;-0,17067308511303883;0,12600000000000122;0,06099999999999994;1,0108968929663775;0,005356510428448669
270;0,9953756876627086;-0,09997725533656063;0,006000000000000227;0,0030000000000001137;1,0061903399663872;0,0030531564202774474
271;0,9953770028536527;-0,09997177307564332;0,030999999999998806;0,015000000000000568;1,0061884600408393;0,003052051933672869
272;0,9987068438044394;-0,0322632097027732;0,05999999999999872;0,028999999999999915;1,0016625844600102;0,0008239757218663039
273;0,9999893657179502;-9,49573052026036e-05;0,05600000000000094;0,026999999999999247;1,0000159556217547;7,691909292557865e-06
274;0,9974899146519933;-0,022084915887447914;0,12600000000000122;0,06099999999999994;1,0038065537009802;0,0018515115182010258
275;0,9958119916370637;-0,036911220570494986;0,11799999999999855;0,057000000000000384;1,0063641093256268;0,003093861126536039
276;0,9936725030291765;-0,055875788466026144;0,12600000000000122;0,06099999999999994;1,0096402729667806;0,004683560753680654
277;0,99416757294538;-0,05124912628021757;0,20200000000000173;0,09800000000000075;1,0088443773689122;0,00429864565276274
278;0,9941631229712319;-0,05128524176393453;0,010000000000001563;0,005000000000000782;1,0088511088884398;0,004302010545022703
279;0,9937490169608131;-0,054951322237287284;0,12600000000000122;0,06099999999999994;1,0094837062516686;0,004608539912649604
280;0,9935090479937987;-0,057075372008631615;0,20200000000000173;0,09800000000000075;1,0098505036518393;0,004786333491953891
281;0,9932436754179811;-0,05942896630713573;0,3180000000000014;0,15399999999999991;1,0102564706820396;0,0049829530756238475
282;0,9925061877512503;-0,06813595192260842;0,08200000000000074;0,03999999999999915;1,0113566480255396;0,005518819524972967
283;0,9921272634813428;-0,07371303122129734;0,12600000000000122;0,06099999999999994;1,0119075662234756;0,0057860435217796215
284;0,993280686880683;-0,05978186604066378;0,021999999999998465;0,009999999999999787;1,0102577700222388;0,004971317020115992
285;0,9919560887749277;-0,07158888575725932;0,013000000000001677;0,006000000000000227;1,0122968710602431;0,005958863960370118
286;0,9899857016136578;-0,08927418388319865;0,0710000000000015;0,034000000000000696;1,0153418043905587;0,0074294108942295715
287;0,9875563688505612;-0,2399582560393717;0,10099999999999909;0,04899999999999949;1,0172551782440395;0,008446510444116394
288;0,9898068283366931;-0,09092654247087095;0,11299999999999955;0,05400000000000027;1,0156193826956192;0,007561918819193368
289;0,9885313737915533;-0,23127257425892556;0,12600000000000122;0,06099999999999994;1,0157405042656462;0,00771185533868763
290;0,9886382532877709;-0,2303194404610371;9,999999999976694e-05;0,0;1,015574976567529;0,00763171487582789
291;0,9886357186837537;-0,23034016864150217;0,03399999999999892;0,01699999999999946;1,0155788688410732;0,007633661062167956
292;0,9886746226796296;-0,2300003357491292;0,08299999999999841;0,03999999999999915;1,0155187501274394;0,0076043189368110746
293;0,9945448079414676;-0,059535771960401995;0,05900000000000105;0,028999999999999915;1,0080957641401769;0,003934573596586099
294;0,9883392293520025;-0,23300413888670826;0,12600000000000122;0,06099999999999994;1,0160385481645813;0,007855627139719015
295;0,9882949196801549;-0,23340225328523395;0,14499999999999957;0,07000000000000028;1,0161072755250926;0,007888806723402114
296;0,9877520803864663;-0,23821611856404856;0,20200000000000173;0,09800000000000075;1,0169513084721233;0,008299206489535775
297;0,9885387176435046;-0,2312097783656462;0,05000000000000071;0,023999999999999133;1,0157306151300294;0,007707412757406376
298;0,9877311956507618;-0,23839897014833672;0,04100000000000037;0,019999999999999574;1,0169836742145426;0,008314995366039786
299;0,9874006800985028;-0,2413568961767191;0,20200000000000173;0,09800000000000075;1,0174975972144469;0,008563743219791153
300;0,9900903047780748;-0,08831582025391689;0,07700000000000173;0,03700000000000081;1,0151797026573686;0,007351781367818221
301;0,9889640557964469;-0,09839290353731847;0,16100000000000136;0,0779999999999994;1,0169251583437475;0,008195958324791258
302;0,9885554614816311;-0,10202978428619879;0,4770000000000003;0,23099999999999987;1,017559109795831;0,008503098807036013
303;0,9885138534453566;-0,10239884105136479;0,06800000000000139;0,032999999999999474;1,0176236678420765;0,008534429424501418
304;0,9883303322938956;-0,10421327730571685;0,013999999999999346;0,006999999999999673;1,01791195480883;0,008668418495532805
305;0,9888518730414245;-0,09942074158242668;0,004000000000001336;0,002000000000000668;1,017099707305503;0,008279611512976869
306;0,9885687183648767;-0,10195005905346474;9,999999999976694e-05;0,0;1,0175388891856318;0,008492021953186782
307;0,9895112452451701;-0,09351811549911165;0,06599999999999895;0,03200000000000003;1,0160767885686643;0,007784911309365365
308;0,9894423270560305;-0,0941736056862645;9,999999999976694e-05;0,0;1,016184171982681;0,007835581068228983
309;0,9889215567315904;-0,09880865915824055;0,05999999999999872;0,028999999999999915;1,0169914520523682;0,008226761619240748
310;0,9885688462871968;-0,10194494723377706;0,09499999999999886;0,045999999999999375;1,0175386182286927;0,008492017747766619
311;0,9885995319847727;-0,10169820965914386;9,999999999976694e-05;0,0;1,0174914462713196;0,008468301638740636
312;0,9894723335801774;-0,09388442216694722;0,01899999999999835;0,009000000000000341;1,0161373502039754;0,007813608067528288
313;0,9887607438966102;-0,10027299034779522;0,06700000000000017;0,03200000000000003;1,0172414170537285;0,00834682783655735
314;0,9887037650679567;-0,10074768212625691;0,018000000000000682;0,009000000000000341;1,017329317260943;0,00839046646145702
315;0,9885996162757308;-0,10169484107487907;0,03300000000000125;0,016000000000000014;1,017491267834376;0,008468298927103456
316;0,9894425512833612;-0,09416465369934787;0,021000000000000796;0,009999999999999787;1,0161837047954836;0,007835578197513002
317;0,9886824366317956;-0,10097798538484083;0,03300000000000125;0,016000000000000014;1,0173630482012925;0,008405502614679925
318;0,9886306184741741;-0,10141718606933144;0,04200000000000159;0,019999999999999574;1,017443123040394;0,008445024880857667
319;0,9885959140286174;-0,10176399966684659;0,0519999999999996;0,025000000000000355;1,0174975723605881;0,00847018118323875
320;0,988561409318125;-0,10200983188426224;0,04299999999999926;0,021000000000000796;1,0175501376660758;0,008497643660440318
321;0,9869435087597965;-0,24545323949042766;0,12600000000000122;0,06099999999999994;1,0182093586981673;0,008908007038000402
322;0,9864862599660535;-0,24956087802883123;0,10699999999999932;0,0519999999999996;1,0189221326465232;0,009252497470479593
323;0,9855416363251479;-0,25774981591468366;0,20200000000000173;0,09800000000000075;1,020395333939455;0,00997476642231758
324;0,9857815708604887;-0,2556146898746327;0,12600000000000122;0,06099999999999994;1,0200206047160372;0,009792947130898592
325;0,9857657748135262;-0,25574395697151264;0,02400000000000091;0,012000000000000455;1,020045083749293;0,009805188029503233
326;0,985774077256396;-0,2556814690576444;0,10099999999999909;0,04899999999999949;1,0200323019969628;0,009798622227063361
327;0,9892372621737759;-0,22499953373603068;0,08099999999999952;0,0389999999999997;1,0146481430249117;0,007182176937065085
328;0,9891226791616782;-0,22602236208800744;0,15500000000000114;0,07499999999999929;1,0148253006267849;0,007267902593218642
329;0,9863805449845373;-0,2505172671044976;0,022999999999999687;0,010999999999999233;1,0190871422283498;0,009332033789245336
330;0,9863192584556943;-0,25107099878157946;0,030999999999998806;0,015000000000000568;1,0191827952096049;0,009378177917073344
331;0,9862410113448546;-0,25177874042837134;0,12600000000000122;0,06099999999999994;1,0193049669688163;0,00943707054756734
332;0,9862362484897614;-0,2518265955614595;0,013000000000001677;0,006000000000000227;1,0193124865248884;0,00944054191669824
333;0,9863363052830709;-0,250917117292685;0,05600000000000094;0,026999999999999247;1,0191561954108126;0,009365329386835942
334;0,9879801966871521;-0,10660987157238964;0,120000000000001;0,05799999999999983;1,0184354783142497;0,008943589584973918
335;0,9878850632441781;-0,10745957729676887;0,12600000000000122;0,06099999999999994;1,0185834439062682;0,009015227249255324
336;0,9882168545423365;-0,10449294596893713;0,4029999999999987;0,19500000000000028;1,0180674593636356;0,008765538418914755
337;0,9887834798462978;-0,09943099629964126;0,08099999999999952;0,0389999999999997;1,0171872597893812;0,008339543835468562
338;0,9890715052158616;-0,0968560952585966;0,1769999999999996;0,0860000000000003;1,0167402307353959;0,008123248104999287
339;0,9895859410883336;-0,09227037160464689;0,1509999999999998;0,0730000000000004;1,0159428196833482;0,007736990234878328
340;0,9905463400761317;-0,08372128860915841;0,009000000000000341;0,0039999999999995595;1,0144566912568;0,0070168338312388955
341;0,9905219421922994;-0,08393862132204669;0,028999999999999915;0,013999999999999346;1,014494337491917;0,007035059104169619
342;0,9905004058007166;-0,08411411553608798;0,013999999999999346;0,006999999999999673;1,0145273001047845;0,007051540175734328
343;0,9904636360202226;-0,08447979264711933;0,022999999999999687;0,010999999999999233;1,014584682162588;0,007078089244294753
344;0,993401108813633;-0,05800606391313299;0,045000000000001705;0,02200000000000024;1,010012970200658;0,00486527461953835
345;0,9897341392113721;-0,2947205482859934;9,999999999976694e-05;0,0;1,0151248539826967;0,007482065862385121
346;0,9887877900458533;-0,30224408301148065;0,036000000000001364;0,01699999999999946;1,0165066943806724;0,00816660705691865
347;0,990583393226247;-0,2880247174867842;0,004999999999999005;0,002000000000000668;1,0138884602038796;0,006867931216861399
348;0,9939632744595097;-0,26123565427801815;0,009000000000000341;0,0039999999999995595;1,0089835148953155;0,0044356785422297795
349;0,9949768939838782;-0,053571329968872226;0,0799999999999983;0,0389999999999997;1,0074682721533021;0,0036292711707180073
350;0,9969166829379625;-0,027054027225201876;9,999999999976694e-05;0,0;1,0046542294899072;0,002261637544115021
351;0,996611840171601;-0,02965000380926631;9,999999999976694e-05;0,0;1,0051266166476784;0,0024961063191931256
352;0,9989203551231739;-0,009511029742591473;9,999999999976694e-05;0,0;1,001623935322403;0,0007872289654935486
353;0,9988373935441379;-0,010255504659508514;9,999999999976694e-05;0,0;1,0017487682235258;0,0008472505177922132
354;0,9976712198850737;-0,23278239467899664;9,999999999976694e-05;0,0;1,0036856150141213;0,0017850585215668712
355;0,9976946045885685;-0,23250837688330692;9,999999999976694e-05;0,0;1,0036494595307675;0,0017697433286831881
356;0,9977805141497378;-0,23174520617615693;9,999999999976694e-05;0,0;1,00351971251427;0,001707077901305485
357;0,9982559236836921;-0,22753610735542582;9,999999999976694e-05;0,0;1,002802404186305;0,001360062906580321
358;0,9975796250076995;-0,2341355878274345;9,999999999976694e-05;0,0;1,003814919171787;0,0018494546303811582
359;0,9975779392369083;-0,23415115467053524;9,999999999976694e-05;0,0;1,0038174686355332;0,0018506670496483124
360;0,9967107782562724;-0,23965198874692017;9,999999999976694e-05;0,0;1,0050515267398468;0,002485511691619023
361;0,9965472024659253;-0,24120077285182392;9,999999999976694e-05;0,0;1,005294951618066;0,002605942938605652
362;0,998720019444673;-0,03214639835690942;9,999999999976694e-05;0,0;1,0016427543195772;0,0008143921090297388
363;0,9977869531302146;-0,05110016902949889;9,999999999976694e-05;0,0;1,0029067846874904;0,001437992294095145
364;0,9933109899109184;-0,059469242231194666;9,999999999976694e-05;0,0;1,0102106902683303;0,004949919520937124
365;0,9953965628766444;-0,09979909027984535;9,999999999976694e-05;0,0;1,0061587747625076;0,003037666249615719
366;0,9953838349389172;-0,09991117423902676;9,999999999976694e-05;0,0;1,0061780837801981;0,003047031761744119
367;0,9905474503214868;-0,0837110835693109;9,999999999976694e-05;0,0;1,0144549748178395;0,007016011027416238
368;0,9904664581330178;-0,08445388452939574;9,999999999976694e-05;0,0;1,014580313151712;0,007075999744987666
369;0,9905918664083733;-0,28791352032283885;9,999999999976694e-05;0,0;1,0138748423826858;0,006862495953291286
370;0,9939773263725178;-0,2610837479161328;9,999999999976694e-05;0,0;1,0089616691603434;0,004425983265384128
371;0,9927942980783957;-0,08361516718609248;9,999999999976694e-05;0,0;1,0106694600400707;0,005188655648119486
372;0,9971505855310266;-0,24048857593588507;9,999999999976694e-05;0,0;1,004427934739106;0,002147072946568234
373;0,9997726802997712;-0,002000747337056398;9,999999999976694e-05;0,0;1,000341617455505;0,00016563706103912113
374;0,9925551841796146;-0,08713655793682261;9,999999999976694e-05;0,0;1,0110165859155078;0,005356927679647596
375;0,9999704076415815;-0,00025945199637451795;9,999999999976694e-05;0,0;1,0000443704409594;2,1521137224358574e-05
376;0,9928574231511911;-0,08267944494220467;9,999999999976694e-05;0,0;1,0105776649671097;0,005144279331268506
377;0,9880653025421973;-0,10667260707107269;0,08599999999999852;0,04100000000000037;1,0183254614919475;0,008865574870165505
378;0,9881942268274961;-0,10547594498511875;0,08599999999999852;0,04100000000000037;1,0181242770295251;0,00876965464311075
379;0,9962621448959197;-0,03272311554508225;9,999999999976694e-05;0,0;1,0056578614553868;0,002754414075541104
380;0,9946294630915483;-0,056649708825837475;9,999999999976694e-05;0,0;1,0080123554270277;0,003899049005871826
381;0,9977866893864511;-0,05111061094423523;9,999999999976694e-05;0,0;1,002907245857677;0,001437944342946669
382;0,9970237038241944;-0,23680894667555766;9,999999999976694e-05;0,0;1,0045468422444979;0,002237261611208334
383;0,9943077730803997;-0,25844594463870335;9,999999999976694e-05;0,0;1,0084813467539873;0,004188060760949714
384;0,9990984362400865;-0,2195936490759393;9,999999999976694e-05;0,0;1,0014972682226382;0,0007381014734059598
385;0,9983279652501452;-0,014747535933378316;0,06800000000000139;0,032999999999999474;1,0025167836301423;0,0012195790877105597
386;0,9979045494914686;-0,01851450293523675;0,015000000000000568;0,006999999999999673;1,003156252554536;0,0015285335898368002
387;0,9974229462126494;-0,022764612170681653;0,05600000000000094;0,026999999999999247;1,0038836828332947;0,001881021049512513
388;0,997117541539756;-0,025445555031372885;0,012000000000000455;0,006000000000000227;1,0043451474363971;0,0021051024134851534
389;0,9966228647288685;-0,029832376839198736;0,05000000000000071;0,023999999999999133;1,0050940695958448;0,0024673054226936222
390;0,9964682538379751;-0,031160868986335893;0,11499999999999844;0,05599999999999916;1,0053276469656363;0,0025816578001458257
391;0,9965243086376532;-0,030663541179889307;0,013999999999999346;0,006999999999999673;1,005242681247608;0,002540551307599815
392;0,9965455545053066;-0,030557279207890996;0,004999999999999005;0,002000000000000668;1,0052116886658597;0,0025229655407427148
393;0,9963651043817067;-0,0321274790872912;0,01899999999999835;0,009000000000000341;1,005484592510103;0,0026559221413519425
394;0,9963520810249612;-0,0322096837943846;0,03399999999999892;0,01699999999999946;1,0055037917222436;0,0026662712288673058
395;0,9962344116455212;-0,033283213941842076;0,010000000000001563;0,005000000000000782;1,0056826277789166;0,0027518057947973616
396;0,9960359433230318;-0,03506211116535891;0,03999999999999915;0,019000000000000128;1,005983946299871;0,0028969768721970237
397;0,9960463010687429;-0,03493431262412487;0,027999999999998693;0,013999999999999346;1,0059676306579097;0,0028902299723445515
398;0,9961391050167326;-0,034123851641478034;0,013999999999999346;0,006999999999999673;1,005827067460991;0,002821818374166832
399;0,9961398394613297;-0,03413588456694389;0,01699999999999946;0,007999999999999119;1,0058262598883025;0,0028208398498008524
400;0,996732548107084;-0,02885617320666372;0,04100000000000037;0,019999999999999574;1,0049278676519284;0,002387033298316228
401;0,9979163130433745;-0,01840067950785665;9,999999999976694e-05;0,0;1,003138355898531;0,001520185313410023
402;0,9974653256484818;-0,022385780794982903;9,999999999976694e-05;0,0;1,0038195933274539;0,0018501231855320708
403;0,9971310276146133;-0,02533632930996227;9,999999999976694e-05;0,0;1,0043249362209503;0,002095000564990957
404;0,9967586686625058;-0,02862966641837128;9,999999999976694e-05;0,0;1,0048883994636133;0,002367782512153407
405;0,996662159250892;-0,029476995168197614;9,999999999976694e-05;0,0;1,0050344331953387;0,0024386822551352525
406;0,9965381186388481;-0,030551669894318997;9,999999999976694e-05;0,0;1,0052219424944604;0,0025301849355515043
407;0,9965505844817373;-0,030491658735572923;9,999999999976694e-05;0,0;1,0052037385261692;0,0025197905089047114
408;0,9964314645401213;-0,03154317903051884;9,999999999976694e-05;0,0;1,0053841104800745;0,0026071865042304443
409;0,9963837809737822;-0,03195282069755204;9,999999999976694e-05;0,0;1,0054561417487622;0,002642448785059864
410;0,9963366411726516;-0,032387996142745124;9,999999999976694e-05;0,0;1,0055278630443643;0,0026765904792821578
411;0,9962424539300965;-0,03321803759858233;9,999999999976694e-05;0,0;1,0056705431746817;0,002745765853507678
412;0,9961526441918847;-0,03401415719669564;9,999999999976694e-05;0,0;1,005806710497298;0,0028116426574784216
413;0,9960729673060796;-0,03471811974253537;9,999999999976694e-05;0,0;1,0059275126247995;0,002870173496416421
414;0,9983934159360827;-0,014172970921755146;9,999999999976694e-05;0,0;1,0024182328066342;0,001171755894159078
415;0,996319997419934;-0,032543681201669415;0,01899999999999835;0,009000000000000341;1,005553220304627;0,0026885988656043234
